method,sequence_length,trial,decode_step,generated_token_position,generated_token_id,latency_ms,phase
standard,4096,1,1,2,16,21.624192129820585,first_step
standard,4096,1,2,3,15,20.683092065155506,steady
standard,4096,1,3,4,15,20.673596765846014,steady
standard,4096,1,4,5,4,20.667769014835358,steady
standard,4096,1,5,6,220,20.676701795309782,steady
standard,4096,1,6,7,16,20.718185231089592,steady
standard,4096,1,7,8,15,21.03441208600998,steady
standard,4096,1,8,9,15,20.68480523303151,steady
standard,4096,1,9,10,4,20.6860457547009,steady
standard,4096,1,10,11,220,20.667628850787878,steady
standard,4096,1,11,12,16,20.695239771157503,steady
standard,4096,1,12,13,15,20.70101909339428,steady
standard,4096,1,13,14,15,20.704424008727074,steady
standard,4096,1,14,15,4,20.6615193746984,steady
standard,4096,1,15,16,220,20.710533019155264,steady
standard,4096,1,16,17,16,20.698023959994316,steady
standard,4096,1,17,18,15,20.72048792615533,steady
standard,4096,1,18,19,15,20.686427131295204,steady
standard,4096,1,19,20,4,20.70975210517645,steady
standard,4096,1,20,21,220,20.706426817923784,steady
standard,4096,1,21,22,16,20.705776289105415,steady
standard,4096,1,22,23,15,20.706045906990767,steady
standard,4096,1,23,24,15,20.800037775188684,steady
standard,4096,1,24,25,4,20.71353793144226,steady
standard,4096,1,25,26,220,20.735790953040123,steady
standard,4096,1,26,27,16,20.69831406697631,steady
standard,4096,1,27,28,15,20.683883223682642,steady
standard,4096,1,28,29,15,20.740327890962362,steady
standard,4096,1,29,30,4,20.710363052785397,steady
standard,4096,1,30,31,220,20.699166227132082,steady
standard,4096,1,31,32,16,20.6985748372972,steady
standard,4096,2,1,2,16,21.78076934069395,first_step
standard,4096,2,2,3,15,20.711825229227543,steady
standard,4096,2,3,4,15,20.673025865107775,steady
standard,4096,2,4,5,4,20.686717238277197,steady
standard,4096,2,5,6,220,20.64868016168475,steady
standard,4096,2,6,7,16,20.696100778877735,steady
standard,4096,2,7,8,15,20.693216007202864,steady
standard,4096,2,8,9,15,20.684242714196444,steady
standard,4096,2,9,10,4,20.677973981946707,steady
standard,4096,2,10,11,220,20.786738023161888,steady
standard,4096,2,11,12,16,20.722842309623957,steady
standard,4096,2,12,13,15,20.709542091935873,steady
standard,4096,2,13,14,15,20.711123943328857,steady
standard,4096,2,14,15,4,20.697582978755236,steady
standard,4096,2,15,16,220,20.689531229436398,steady
standard,4096,2,16,17,16,20.705996081233025,steady
standard,4096,2,17,18,15,20.708720199763775,steady
standard,4096,2,18,19,15,20.70321189239621,steady
standard,4096,2,19,20,4,20.710463169962168,steady
standard,4096,2,20,21,220,20.71723435074091,steady
standard,4096,2,21,22,16,20.69947589188814,steady
standard,4096,2,22,23,15,20.668318960815668,steady
standard,4096,2,23,24,15,20.720838103443384,steady
standard,4096,2,24,25,4,20.720387808978558,steady
standard,4096,2,25,26,220,20.715539809316397,steady
standard,4096,2,26,27,16,20.67273622378707,steady
standard,4096,2,27,28,15,20.972589030861855,steady
standard,4096,2,28,29,15,20.730653312057257,steady
standard,4096,2,29,30,4,20.70628572255373,steady
standard,4096,2,30,31,220,20.68008715286851,steady
standard,4096,2,31,32,16,20.71212511509657,steady
standard,4096,3,1,2,16,21.606225054711103,first_step
standard,4096,3,2,3,15,20.73620120063424,steady
standard,4096,3,3,4,15,21.03859791532159,steady
standard,4096,3,4,5,4,20.690131932497025,steady
standard,4096,3,5,6,220,20.66369168460369,steady
standard,4096,3,6,7,16,20.695970859378576,steady
standard,4096,3,7,8,15,20.69012215360999,steady
standard,4096,3,8,9,15,20.701759960502386,steady
standard,4096,3,9,10,4,20.674327854067087,steady
standard,4096,3,10,11,220,20.703132264316082,steady
standard,4096,3,11,12,16,20.70312201976776,steady
standard,4096,3,12,13,15,20.705515053123236,steady
standard,4096,3,13,14,15,20.68640710785985,steady
standard,4096,3,14,15,4,20.688919816166162,steady
standard,4096,3,15,16,220,20.695130340754986,steady
standard,4096,3,16,17,16,20.67541005089879,steady
standard,4096,3,17,18,15,20.709621720016003,steady
standard,4096,3,18,19,15,20.69816505536437,steady
standard,4096,3,19,20,4,20.69915598258376,steady
standard,4096,3,20,21,220,20.677984226495028,steady
standard,4096,3,21,22,16,20.705564878880978,steady
standard,4096,3,22,23,15,20.79935697838664,steady
standard,4096,3,23,24,15,20.712004974484444,steady
standard,4096,3,24,25,4,20.738514605909586,steady
standard,4096,3,25,26,220,20.694278180599213,steady
standard,4096,3,26,27,16,20.701979752629995,steady
standard,4096,3,27,28,15,20.706235896795988,steady
standard,4096,3,28,29,15,20.70624614134431,steady
standard,4096,3,29,30,4,20.686957985162735,steady
standard,4096,3,30,31,220,20.68881969898939,steady
standard,4096,3,31,32,16,20.710371900349855,steady
standard,4096,4,1,2,16,21.77404798567295,first_step
standard,4096,4,2,3,15,20.718906074762344,steady
standard,4096,4,3,4,15,20.698585081845522,steady
standard,4096,4,4,5,4,20.67599119618535,steady
standard,4096,4,5,6,220,20.677391905337572,steady
standard,4096,4,6,7,16,20.667146891355515,steady
standard,4096,4,7,8,15,20.70636674761772,steady
standard,4096,4,8,9,15,20.701670087873936,steady
standard,4096,4,9,10,4,20.671033300459385,steady
standard,4096,4,10,11,220,20.681669004261494,steady
standard,4096,4,11,12,16,20.702490117400885,steady
standard,4096,4,12,13,15,20.69683186709881,steady
standard,4096,4,13,14,15,20.64774790778756,steady
standard,4096,4,14,15,4,20.68203967064619,steady
standard,4096,4,15,16,220,20.690793171525,steady
standard,4096,4,16,17,16,20.710092969238758,steady
standard,4096,4,17,18,15,20.690102130174637,steady
standard,4096,4,18,19,15,20.867779850959778,steady
standard,4096,4,19,20,4,20.705104805529118,steady
standard,4096,4,20,21,220,20.707768853753805,steady
standard,4096,4,21,22,16,20.66231006756425,steady
standard,4096,4,22,23,15,20.688689779490232,steady
standard,4096,4,23,24,15,20.696402061730623,steady
standard,4096,4,24,25,4,20.714559126645327,steady
standard,4096,4,25,26,220,20.704934373497963,steady
standard,4096,4,26,27,16,20.690332166850567,steady
standard,4096,4,27,28,15,20.71876497939229,steady
standard,4096,4,28,29,15,20.71958687156439,steady
standard,4096,4,29,30,4,20.72115894407034,steady
standard,4096,4,30,31,220,20.689952187240124,steady
standard,4096,4,31,32,16,20.717542618513107,steady
standard,4096,5,1,2,16,21.666907239705324,first_step
standard,4096,5,2,3,15,20.707629155367613,steady
standard,4096,5,3,4,15,20.67789388820529,steady
standard,4096,5,4,5,4,20.64613625407219,steady
standard,4096,5,5,6,220,20.67381702363491,steady
standard,4096,5,6,7,16,20.684442948549986,steady
standard,4096,5,7,8,15,20.694779232144356,steady
standard,4096,5,8,9,15,20.67072270438075,steady
standard,4096,5,9,10,4,20.665165036916733,steady
standard,4096,5,10,11,220,20.720056723803282,steady
standard,4096,5,11,12,16,20.690441597253084,steady
standard,4096,5,12,13,15,20.686966832727194,steady
standard,4096,5,13,14,15,20.68262081593275,steady
standard,4096,5,14,15,4,20.688930060714483,steady
standard,4096,5,15,16,220,20.722250919789076,steady
standard,4096,5,16,17,16,20.69590985774994,steady
standard,4096,5,17,18,15,20.67414717748761,steady
standard,4096,5,18,19,15,20.70356160402298,steady
standard,4096,5,19,20,4,20.715479739010334,steady
standard,4096,5,20,21,220,20.681718830019236,steady
standard,4096,5,21,22,16,21.210407372564077,steady
standard,4096,5,22,23,15,20.903503987938166,steady
standard,4096,5,23,24,15,20.68499429151416,steady
standard,4096,5,24,25,4,20.70117788389325,steady
standard,4096,5,25,26,220,20.68851003423333,steady
standard,4096,5,26,27,16,20.68352187052369,steady
standard,4096,5,27,28,15,20.70528408512473,steady
standard,4096,5,28,29,15,20.702039822936058,steady
standard,4096,5,29,30,4,20.68118890747428,steady
standard,4096,5,30,31,220,20.682970993220806,steady
standard,4096,5,31,32,16,20.726016256958246,steady
layer_offload,4096,1,1,2,16,32.43058314546943,first_step
layer_offload,4096,1,2,3,15,31.702654901891947,steady
layer_offload,4096,1,3,4,15,31.64367564022541,steady
layer_offload,4096,1,4,5,4,31.73034591600299,steady
layer_offload,4096,1,5,6,220,31.733710784465075,steady
layer_offload,4096,1,6,7,16,31.694572884589434,steady
layer_offload,4096,1,7,8,15,31.677355989813805,steady
layer_offload,4096,1,8,9,15,31.711338087916374,steady
layer_offload,4096,1,9,10,4,31.714022159576416,steady
layer_offload,4096,1,10,11,220,31.696015037596226,steady
layer_offload,4096,1,11,12,16,33.074886072427034,steady
layer_offload,4096,1,12,13,15,31.85248002409935,steady
layer_offload,4096,1,13,14,15,31.714962795376778,steady
layer_offload,4096,1,14,15,4,31.709483824670315,steady
layer_offload,4096,1,15,16,220,31.74180304631591,steady
layer_offload,4096,1,16,17,16,31.70795226469636,steady
layer_offload,4096,1,17,18,15,31.737095676362514,steady
layer_offload,4096,1,18,19,15,31.722203828394413,steady
layer_offload,4096,1,19,20,4,31.710305251181126,steady
layer_offload,4096,1,20,21,220,31.746470369398594,steady
layer_offload,4096,1,21,22,16,31.741042155772448,steady
layer_offload,4096,1,22,23,15,31.731097027659416,steady
layer_offload,4096,1,23,24,15,31.767611857503653,steady
layer_offload,4096,1,24,25,4,31.733490992337465,steady
layer_offload,4096,1,25,26,220,31.78208414465189,steady
layer_offload,4096,1,26,27,16,31.746140215545893,steady
layer_offload,4096,1,27,28,15,31.759430188685656,steady
layer_offload,4096,1,28,29,15,31.774082221090794,steady
layer_offload,4096,1,29,30,4,31.79161809384823,steady
layer_offload,4096,1,30,31,220,31.747843138873577,steady
layer_offload,4096,1,31,32,16,31.792559660971165,steady
layer_offload,4096,2,1,2,16,32.45171485468745,first_step
layer_offload,4096,2,2,3,15,31.68993489816785,steady
layer_offload,4096,2,3,4,15,31.672388315200806,steady
layer_offload,4096,2,4,5,4,31.69884905219078,steady
layer_offload,4096,2,5,6,220,31.695603393018246,steady
layer_offload,4096,2,6,7,16,31.716125085949898,steady
layer_offload,4096,2,7,8,15,31.729495152831078,steady
layer_offload,4096,2,8,9,15,31.684227287769318,steady
layer_offload,4096,2,9,10,4,31.705197878181934,steady
layer_offload,4096,2,10,11,220,31.69236797839403,steady
layer_offload,4096,2,11,12,16,31.729175243526697,steady
layer_offload,4096,2,12,13,15,31.729273963719606,steady
layer_offload,4096,2,13,14,15,31.73129679635167,steady
layer_offload,4096,2,14,15,4,31.729925889521837,steady
layer_offload,4096,2,15,16,220,31.70893294736743,steady
layer_offload,4096,2,16,17,16,31.684275716543198,steady
layer_offload,4096,2,17,18,15,31.72952402383089,steady
layer_offload,4096,2,18,19,15,31.736255157738924,steady
layer_offload,4096,2,19,20,4,31.713540200144053,steady
layer_offload,4096,2,20,21,220,31.737988349050283,steady
layer_offload,4096,2,21,22,16,31.743846833705902,steady
layer_offload,4096,2,22,23,15,31.743055675178766,steady
layer_offload,4096,2,23,24,15,31.74640005454421,steady
layer_offload,4096,2,24,25,4,31.74675116315484,steady
layer_offload,4096,2,25,26,220,31.776596326380968,steady
layer_offload,4096,2,26,27,16,31.762783881276846,steady
layer_offload,4096,2,27,28,15,31.76947496831417,steady
layer_offload,4096,2,28,29,15,31.7536611109972,steady
layer_offload,4096,2,29,30,4,31.750346068292856,steady
layer_offload,4096,2,30,31,220,31.80721215903759,steady
layer_offload,4096,2,31,32,16,31.747781671583652,steady
layer_offload,4096,3,1,2,16,32.631125301122665,first_step
layer_offload,4096,3,2,3,15,31.690907198935747,steady
layer_offload,4096,3,3,4,15,31.663074158132076,steady
layer_offload,4096,3,4,5,4,31.735394150018692,steady
layer_offload,4096,3,5,6,220,31.691587064415216,steady
layer_offload,4096,3,6,7,16,31.71688597649336,steady
layer_offload,4096,3,7,8,15,31.738767866045237,steady
layer_offload,4096,3,8,9,15,31.663464847952127,steady
layer_offload,4096,3,9,10,4,31.705047003924847,steady
layer_offload,4096,3,10,11,220,31.66869282722473,steady
layer_offload,4096,3,11,12,16,31.710125971585512,steady
layer_offload,4096,3,12,13,15,31.707850750535727,steady
layer_offload,4096,3,13,14,15,31.708633061498404,steady
layer_offload,4096,3,14,15,4,31.697005033493042,steady
layer_offload,4096,3,15,16,220,31.719138380140066,steady
layer_offload,4096,3,16,17,16,31.732037663459778,steady
layer_offload,4096,3,17,18,15,31.737377401441336,steady
layer_offload,4096,3,18,19,15,31.696304213255644,steady
layer_offload,4096,3,19,20,4,31.717376317828894,steady
layer_offload,4096,3,20,21,220,31.765719410032034,steady
layer_offload,4096,3,21,22,16,31.722203362733126,steady
layer_offload,4096,3,22,23,15,31.736474949866533,steady
layer_offload,4096,3,23,24,15,31.73837810754776,steady
layer_offload,4096,3,24,25,4,31.747091095894575,steady
layer_offload,4096,3,25,26,220,31.75619477406144,steady
layer_offload,4096,3,26,27,16,31.804006081074476,steady
layer_offload,4096,3,27,28,15,31.94910567253828,steady
layer_offload,4096,3,28,29,15,31.777246855199337,steady
layer_offload,4096,3,29,30,4,31.759069301187992,steady
layer_offload,4096,3,30,31,220,31.87886020168662,steady
layer_offload,4096,3,31,32,16,31.936035957187414,steady
layer_offload,4096,4,1,2,16,32.380246091634035,first_step
layer_offload,4096,4,2,3,15,31.69984882697463,steady
layer_offload,4096,4,3,4,15,31.692097894847393,steady
layer_offload,4096,4,4,5,4,31.69436100870371,steady
layer_offload,4096,4,5,6,220,31.68268408626318,steady
layer_offload,4096,4,6,7,16,31.7055881023407,steady
layer_offload,4096,4,7,8,15,31.706280075013638,steady
layer_offload,4096,4,8,9,15,31.693540047854185,steady
layer_offload,4096,4,9,10,4,31.704746652394533,steady
layer_offload,4096,4,10,11,220,31.718146987259388,steady
layer_offload,4096,4,11,12,16,31.736413948237896,steady
layer_offload,4096,4,12,13,15,31.70087095350027,steady
layer_offload,4096,4,13,14,15,31.677094753831625,steady
layer_offload,4096,4,14,15,4,31.73959907144308,steady
layer_offload,4096,4,15,16,220,31.73099597916007,steady
layer_offload,4096,4,16,17,16,31.708643306046724,steady
layer_offload,4096,4,17,18,15,31.72817174345255,steady
layer_offload,4096,4,18,19,15,31.70714108273387,steady
layer_offload,4096,4,19,20,4,31.70953504741192,steady
layer_offload,4096,4,20,21,220,31.728372909128666,steady
layer_offload,4096,4,21,22,16,31.7219328135252,steady
layer_offload,4096,4,22,23,15,31.719658989459276,steady
layer_offload,4096,4,23,24,15,31.772640068084,steady
layer_offload,4096,4,24,25,4,31.749894842505455,steady
layer_offload,4096,4,25,26,220,31.76759136840701,steady
layer_offload,4096,4,26,27,16,31.756094191223383,steady
layer_offload,4096,4,27,28,15,31.820951960980892,steady
layer_offload,4096,4,28,29,15,31.77581401541829,steady
layer_offload,4096,4,29,30,4,31.79345093667507,steady
layer_offload,4096,4,30,31,220,31.968894880264997,steady
layer_offload,4096,4,31,32,16,31.74881311133504,steady
layer_offload,4096,5,1,2,16,32.45048224925995,first_step
layer_offload,4096,5,2,3,15,31.651225872337818,steady
layer_offload,4096,5,3,4,15,31.670264899730682,steady
layer_offload,4096,5,4,5,4,31.68720006942749,steady
layer_offload,4096,5,5,6,220,31.677726190537214,steady
layer_offload,4096,5,6,7,16,31.708342023193836,steady
layer_offload,4096,5,7,8,15,31.69256867840886,steady
layer_offload,4096,5,8,9,15,31.704545952379704,steady
layer_offload,4096,5,9,10,4,31.72478685155511,steady
layer_offload,4096,5,10,11,220,31.703324988484383,steady
layer_offload,4096,5,11,12,16,31.727861147373915,steady
layer_offload,4096,5,12,13,15,31.72157285735011,steady
layer_offload,4096,5,13,14,15,31.688372138887644,steady
layer_offload,4096,5,14,15,4,31.731717754155397,steady
layer_offload,4096,5,15,16,220,31.714461743831635,steady
layer_offload,4096,5,16,17,16,31.709543894976377,steady
layer_offload,4096,5,17,18,15,31.733850948512554,steady
layer_offload,4096,5,18,19,15,31.71126591041684,steady
layer_offload,4096,5,19,20,4,31.823906116187572,steady
layer_offload,4096,5,20,21,220,31.756584998220205,steady
layer_offload,4096,5,21,22,16,31.729573849588633,steady
layer_offload,4096,5,22,23,15,31.767030712217093,steady
layer_offload,4096,5,23,24,15,31.76123322919011,steady
layer_offload,4096,5,24,25,4,31.751457136124372,steady
layer_offload,4096,5,25,26,220,31.7314681597054,steady
layer_offload,4096,5,26,27,16,31.774753239005804,steady
layer_offload,4096,5,27,28,15,31.802393961697817,steady
layer_offload,4096,5,28,29,15,31.742373015731573,steady
layer_offload,4096,5,29,30,4,31.75138682126999,steady
layer_offload,4096,5,30,31,220,31.807282008230686,steady
layer_offload,4096,5,31,32,16,31.801613047719,steady
standard,8192,1,1,2,16,26.53573313727975,first_step
standard,8192,1,2,3,15,25.497396010905504,steady
standard,8192,1,3,4,15,25.444065686315298,steady
standard,8192,1,4,5,4,25.61030676588416,steady
standard,8192,1,5,6,220,25.472158100456,steady
standard,8192,1,6,7,16,25.49091586843133,steady
standard,8192,1,7,8,15,25.477126240730286,steady
standard,8192,1,8,9,15,25.482594035565853,steady
standard,8192,1,9,10,4,25.501903146505356,steady
standard,8192,1,10,11,220,25.480701122432947,steady
standard,8192,1,11,12,16,25.4697953350842,steady
standard,8192,1,12,13,15,25.505557656288147,steady
standard,8192,1,13,14,15,25.489374063909054,steady
standard,8192,1,14,15,4,25.49368003383279,steady
standard,8192,1,15,16,220,25.480831041932106,steady
standard,8192,1,16,17,16,25.502874050289392,steady
standard,8192,1,17,18,15,25.47770692035556,steady
standard,8192,1,18,19,15,25.50428733229637,steady
standard,8192,1,19,20,4,25.506368838250637,steady
standard,8192,1,20,21,220,25.47389129176736,steady
standard,8192,1,21,22,16,25.522954761981964,steady
standard,8192,1,22,23,15,25.526268873363733,steady
standard,8192,1,23,24,15,25.519980117678642,steady
standard,8192,1,24,25,4,25.488262996077538,steady
standard,8192,1,25,26,220,25.528162252157927,steady
standard,8192,1,26,27,16,25.518618058413267,steady
standard,8192,1,27,28,15,25.49910917878151,steady
standard,8192,1,28,29,15,25.503105018287897,steady
standard,8192,1,29,30,4,25.497796945273876,steady
standard,8192,1,30,31,220,25.521542876958847,steady
standard,8192,1,31,32,16,25.54265409708023,steady
standard,8192,2,1,2,16,26.525729335844517,first_step
standard,8192,2,2,3,15,25.51099704578519,steady
standard,8192,2,3,4,15,25.450164917856455,steady
standard,8192,2,4,5,4,25.469454005360603,steady
standard,8192,2,5,6,220,25.486659724265337,steady
standard,8192,2,6,7,16,25.45706508681178,steady
standard,8192,2,7,8,15,25.47065494582057,steady
standard,8192,2,8,9,15,25.50242329016328,steady
standard,8192,2,9,10,4,25.47946898266673,steady
standard,8192,2,10,11,220,25.475031696259975,steady
standard,8192,2,11,12,16,25.526239071041346,steady
standard,8192,2,12,13,15,25.4918378777802,steady
standard,8192,2,13,14,15,25.497726164758205,steady
standard,8192,2,14,15,4,25.538026820868254,steady
standard,8192,2,15,16,220,25.51558380946517,steady
standard,8192,2,16,17,16,25.49412101507187,steady
standard,8192,2,17,18,15,25.475122034549713,steady
standard,8192,2,18,19,15,25.53768688812852,steady
standard,8192,2,19,20,4,25.499279145151377,steady
standard,8192,2,20,21,220,25.48255305737257,steady
standard,8192,2,21,22,16,25.658139027655125,steady
standard,8192,2,22,23,15,25.518517941236496,steady
standard,8192,2,23,24,15,25.52942419424653,steady
standard,8192,2,24,25,4,25.522893760353327,steady
standard,8192,2,25,26,220,25.528273079544306,steady
standard,8192,2,26,27,16,25.52908379584551,steady
standard,8192,2,27,28,15,25.51438193768263,steady
standard,8192,2,28,29,15,25.526651181280613,steady
standard,8192,2,29,30,4,25.478867813944817,steady
standard,8192,2,30,31,220,25.508632883429527,steady
standard,8192,2,31,32,16,25.551186874508858,steady
standard,8192,3,1,2,16,26.8448400311172,first_step
standard,8192,3,2,3,15,25.48824204131961,steady
standard,8192,3,3,4,15,25.445538107305765,steady
standard,8192,3,4,5,4,25.520140305161476,steady
standard,8192,3,5,6,220,25.482432916760445,steady
standard,8192,3,6,7,16,25.452447589486837,steady
standard,8192,3,7,8,15,25.514551904052496,steady
standard,8192,3,8,9,15,25.50638886168599,steady
standard,8192,3,9,10,4,25.482963770627975,steady
standard,8192,3,10,11,220,25.497525930404663,steady
standard,8192,3,11,12,16,25.52974410355091,steady
standard,8192,3,12,13,15,25.508171878755093,steady
standard,8192,3,13,14,15,25.50796139985323,steady
standard,8192,3,14,15,4,25.542754214257002,steady
standard,8192,3,15,16,220,25.49181692302227,steady
standard,8192,3,16,17,16,25.480530224740505,steady
standard,8192,3,17,18,15,25.493490044027567,steady
standard,8192,3,18,19,15,25.479968637228012,steady
standard,8192,3,19,20,4,25.47785732895136,steady
standard,8192,3,20,21,220,25.511146057397127,steady
standard,8192,3,21,22,16,25.528422091156244,steady
standard,8192,3,22,23,15,25.510014966130257,steady
standard,8192,3,23,24,15,25.53886780515313,steady
standard,8192,3,24,25,4,25.552027858793736,steady
standard,8192,3,25,26,220,25.506308767944574,steady
standard,8192,3,26,27,16,25.526418816298246,steady
standard,8192,3,27,28,15,25.546940974891186,steady
standard,8192,3,28,29,15,25.496995076537132,steady
standard,8192,3,29,30,4,25.475482922047377,steady
standard,8192,3,30,31,220,25.561652146279812,steady
standard,8192,3,31,32,16,25.519839022308588,steady
standard,8192,4,1,2,16,26.542843785136938,first_step
standard,8192,4,2,3,15,25.518747977912426,steady
standard,8192,4,3,4,15,25.45425994321704,steady
standard,8192,4,4,5,4,25.46541765332222,steady
standard,8192,4,5,6,220,25.457926094532013,steady
standard,8192,4,6,7,16,25.50615882501006,steady
standard,8192,4,7,8,15,25.484786368906498,steady
standard,8192,4,8,9,15,25.488853454589844,steady
standard,8192,4,9,10,4,25.502123404294252,steady
standard,8192,4,10,11,220,25.485076941549778,steady
standard,8192,4,11,12,16,25.493990164250135,steady
standard,8192,4,12,13,15,25.475813075900078,steady
standard,8192,4,13,14,15,25.533959735184908,steady
standard,8192,4,14,15,4,25.493660010397434,steady
standard,8192,4,15,16,220,25.489204097539186,steady
standard,8192,4,16,17,16,25.525728706270456,steady
standard,8192,4,17,18,15,25.499908719211817,steady
standard,8192,4,18,19,15,25.503965094685555,steady
standard,8192,4,19,20,4,25.493319146335125,steady
standard,8192,4,20,21,220,25.51356004551053,steady
standard,8192,4,21,22,16,25.499848648905754,steady
standard,8192,4,22,23,15,25.535613764077425,steady
standard,8192,4,23,24,15,25.54235327988863,steady
standard,8192,4,24,25,4,25.521401781588793,steady
standard,8192,4,25,26,220,25.51833726465702,steady
standard,8192,4,26,27,16,25.53485194221139,steady
standard,8192,4,27,28,15,25.582683738321066,steady
standard,8192,4,28,29,15,25.49961907789111,steady
standard,8192,4,29,30,4,25.5239550024271,steady
standard,8192,4,30,31,220,25.52116196602583,steady
standard,8192,4,31,32,16,25.520259980112314,steady
standard,8192,5,1,2,16,27.009107172489166,first_step
standard,8192,5,2,3,15,25.53348010405898,steady
standard,8192,5,3,4,15,25.44257277622819,steady
standard,8192,5,4,5,4,25.44631902128458,steady
standard,8192,5,5,6,220,25.472088251262903,steady
standard,8192,5,6,7,16,25.48276260495186,steady
standard,8192,5,7,8,15,25.472397916018963,steady
standard,8192,5,8,9,15,25.45619336888194,steady
standard,8192,5,9,10,4,25.606439914554358,steady
standard,8192,5,10,11,220,25.489434134215117,steady
standard,8192,5,11,12,16,25.482793804258108,steady
standard,8192,5,12,13,15,25.50021978095174,steady
standard,8192,5,13,14,15,25.49140714108944,steady
standard,8192,5,14,15,4,25.506047997623682,steady
standard,8192,5,15,16,220,25.495623238384724,steady
standard,8192,5,16,17,16,25.5199889652431,steady
standard,8192,5,17,18,15,25.482922792434692,steady
standard,8192,5,18,19,15,25.48023872077465,steady
standard,8192,5,19,20,4,25.560340844094753,steady
standard,8192,5,20,21,220,25.473609566688538,steady
standard,8192,5,21,22,16,25.499898940324783,steady
standard,8192,5,22,23,15,25.545757729560137,steady
standard,8192,5,23,24,15,25.532850064337254,steady
standard,8192,5,24,25,4,25.512197986245155,steady
standard,8192,5,25,26,220,25.522773154079914,steady
standard,8192,5,26,27,16,25.528252124786377,steady
standard,8192,5,27,28,15,25.650527328252792,steady
standard,8192,5,28,29,15,25.505867786705494,steady
standard,8192,5,29,30,4,25.523054879158735,steady
standard,8192,5,30,31,220,25.508631952106953,steady
standard,8192,5,31,32,16,25.524235796183348,steady
layer_offload,8192,1,1,2,16,48.0217719450593,first_step
layer_offload,8192,1,2,3,15,46.97047499939799,steady
layer_offload,8192,1,3,4,15,46.90307332202792,steady
layer_offload,8192,1,4,5,4,46.94875190034509,steady
layer_offload,8192,1,5,6,220,46.95969866588712,steady
layer_offload,8192,1,6,7,16,46.996905002743006,steady
layer_offload,8192,1,7,8,15,46.95560224354267,steady
layer_offload,8192,1,8,9,15,46.95340897887945,steady
layer_offload,8192,1,9,10,4,46.94300377741456,steady
layer_offload,8192,1,10,11,220,46.97056487202644,steady
layer_offload,8192,1,11,12,16,46.94386478513479,steady
layer_offload,8192,1,12,13,15,46.969533897936344,steady
layer_offload,8192,1,13,14,15,46.937705017626286,steady
layer_offload,8192,1,14,15,4,46.97320889681578,steady
layer_offload,8192,1,15,16,220,46.99787590652704,steady
layer_offload,8192,1,16,17,16,46.94800078868866,steady
layer_offload,8192,1,17,18,15,46.94929299876094,steady
layer_offload,8192,1,18,19,15,46.944284811615944,steady
layer_offload,8192,1,19,20,4,46.968571841716766,steady
layer_offload,8192,1,20,21,220,46.958626713603735,steady
layer_offload,8192,1,21,22,16,46.95961810648441,steady
layer_offload,8192,1,22,23,15,46.99783632531762,steady
layer_offload,8192,1,23,24,15,46.948781702667475,steady
layer_offload,8192,1,24,25,4,46.97663430124521,steady
layer_offload,8192,1,25,26,220,46.96960374712944,steady
layer_offload,8192,1,26,27,16,46.9740997068584,steady
layer_offload,8192,1,27,28,15,46.97431996464729,steady
layer_offload,8192,1,28,29,15,46.96312407031655,steady
layer_offload,8192,1,29,30,4,46.97969788685441,steady
layer_offload,8192,1,30,31,220,49.0864678286016,steady
layer_offload,8192,1,31,32,16,47.05343022942543,steady
layer_offload,8192,2,1,2,16,47.9011288844049,first_step
layer_offload,8192,2,2,3,15,46.9491733238101,steady
layer_offload,8192,2,3,4,15,46.928251162171364,steady
layer_offload,8192,2,4,5,4,46.96359531953931,steady
layer_offload,8192,2,5,6,220,46.97353905066848,steady
layer_offload,8192,2,6,7,16,46.951997093856335,steady
layer_offload,8192,2,7,8,15,46.9831726513803,steady
layer_offload,8192,2,8,9,15,46.9656172208488,steady
layer_offload,8192,2,9,10,4,46.97645315900445,steady
layer_offload,8192,2,10,11,220,46.942262910306454,steady
layer_offload,8192,2,11,12,16,46.98303388431668,steady
layer_offload,8192,2,12,13,15,46.95412004366517,steady
layer_offload,8192,2,13,14,15,47.01236775144935,steady
layer_offload,8192,2,14,15,4,46.9472985714674,steady
layer_offload,8192,2,15,16,220,46.97714373469353,steady
layer_offload,8192,2,16,17,16,46.979659236967564,steady
layer_offload,8192,2,17,18,15,46.98211187496781,steady
layer_offload,8192,2,18,19,15,47.00292367488146,steady
layer_offload,8192,2,19,20,4,46.97019373998046,steady
layer_offload,8192,2,20,21,220,47.01327905058861,steady
layer_offload,8192,2,21,22,16,46.998617239296436,steady
layer_offload,8192,2,22,23,15,47.00317420065403,steady
layer_offload,8192,2,23,24,15,47.013129107654095,steady
layer_offload,8192,2,24,25,4,46.984925866127014,steady
layer_offload,8192,2,25,26,220,46.99996905401349,steady
layer_offload,8192,2,26,27,16,46.97517119348049,steady
layer_offload,8192,2,27,28,15,47.02173080295324,steady
layer_offload,8192,2,28,29,15,46.9591268338263,steady
layer_offload,8192,2,29,30,4,46.991245821118355,steady
layer_offload,8192,2,30,31,220,47.01302805915475,steady
layer_offload,8192,2,31,32,16,47.01840691268444,steady
layer_offload,8192,3,1,2,16,47.92548529803753,first_step
layer_offload,8192,3,2,3,15,46.90957302227616,steady
layer_offload,8192,3,3,4,15,46.94565711542964,steady
layer_offload,8192,3,4,5,4,46.950232703238726,steady
layer_offload,8192,3,5,6,220,46.957273967564106,steady
layer_offload,8192,3,6,7,16,46.960679814219475,steady
layer_offload,8192,3,7,8,15,49.86901907250285,steady
layer_offload,8192,3,8,9,15,46.98999272659421,steady
layer_offload,8192,3,9,10,4,46.98317311704159,steady
layer_offload,8192,3,10,11,220,46.93768406286836,steady
layer_offload,8192,3,11,12,16,46.960108913481236,steady
layer_offload,8192,3,12,13,15,46.969742979854345,steady
layer_offload,8192,3,13,14,15,46.9419308938086,steady
layer_offload,8192,3,14,15,4,46.99305770918727,steady
layer_offload,8192,3,15,16,220,47.0224330201745,steady
layer_offload,8192,3,16,17,16,46.94144008681178,steady
layer_offload,8192,3,17,18,15,46.97427013888955,steady
layer_offload,8192,3,18,19,15,46.973939053714275,steady
layer_offload,8192,3,19,20,4,46.93702282384038,steady
layer_offload,8192,3,20,21,220,46.959427651017904,steady
layer_offload,8192,3,21,22,16,46.95913661271334,steady
layer_offload,8192,3,22,23,15,46.945656184107065,steady
layer_offload,8192,3,23,24,15,47.0218607224524,steady
layer_offload,8192,3,24,25,4,46.987969893962145,steady
layer_offload,8192,3,25,26,220,46.98995314538479,steady
layer_offload,8192,3,26,27,16,46.989483293145895,steady
layer_offload,8192,3,27,28,15,46.989473048597574,steady
layer_offload,8192,3,28,29,15,47.011274844408035,steady
layer_offload,8192,3,29,30,4,46.99636297300458,steady
layer_offload,8192,3,30,31,220,47.0691230148077,steady
layer_offload,8192,3,31,32,16,46.99296783655882,steady
layer_offload,8192,4,1,2,16,48.063083086162806,first_step
layer_offload,8192,4,2,3,15,46.89306719228625,steady
layer_offload,8192,4,3,4,15,46.90769873559475,steady
layer_offload,8192,4,4,5,4,46.93167610093951,steady
layer_offload,8192,4,5,6,220,46.924113761633635,steady
layer_offload,8192,4,6,7,16,46.96402419358492,steady
layer_offload,8192,4,7,8,15,46.96871107444167,steady
layer_offload,8192,4,8,9,15,46.97667295113206,steady
layer_offload,8192,4,9,10,4,46.92974220961332,steady
layer_offload,8192,4,10,11,220,46.95726418867707,steady
layer_offload,8192,4,11,12,16,47.2528301179409,steady
layer_offload,8192,4,12,13,15,47.150105237960815,steady
layer_offload,8192,4,13,14,15,46.970013063400984,steady
layer_offload,8192,4,14,15,4,46.960458625108004,steady
layer_offload,8192,4,15,16,220,46.95236589759588,steady
layer_offload,8192,4,16,17,16,46.947999857366085,steady
layer_offload,8192,4,17,18,15,46.9707939773798,steady
layer_offload,8192,4,18,19,15,46.97911674156785,steady
layer_offload,8192,4,19,20,4,46.97457002475858,steady
layer_offload,8192,4,20,21,220,46.95306671783328,steady
layer_offload,8192,4,21,22,16,46.98732867836952,steady
layer_offload,8192,4,22,23,15,46.96292337030172,steady
layer_offload,8192,4,23,24,15,46.98149021714926,steady
layer_offload,8192,4,24,25,4,46.96866124868393,steady
layer_offload,8192,4,25,26,220,46.971994917839766,steady
layer_offload,8192,4,26,27,16,47.00495535507798,steady
layer_offload,8192,4,27,28,15,46.99153499677777,steady
layer_offload,8192,4,28,29,15,46.978896018117666,steady
layer_offload,8192,4,29,30,4,47.019777819514275,steady
layer_offload,8192,4,30,31,220,46.994409058243036,steady
layer_offload,8192,4,31,32,16,47.010724898427725,steady
layer_offload,8192,5,1,2,16,47.91334690526128,first_step
layer_offload,8192,5,2,3,15,46.97647178545594,steady
layer_offload,8192,5,3,4,15,46.9343988224864,steady
layer_offload,8192,5,4,5,4,46.95172514766455,steady
layer_offload,8192,5,5,6,220,46.95005202665925,steady
layer_offload,8192,5,6,7,16,46.98492493480444,steady
layer_offload,8192,5,7,8,15,47.00441472232342,steady
layer_offload,8192,5,8,9,15,46.95560084655881,steady
layer_offload,8192,5,9,10,4,46.95914592593908,steady
layer_offload,8192,5,10,11,220,46.98135983198881,steady
layer_offload,8192,5,11,12,16,46.96979187428951,steady
layer_offload,8192,5,12,13,15,46.99842631816864,steady
layer_offload,8192,5,13,14,15,46.969521790742874,steady
layer_offload,8192,5,14,15,4,46.96755902841687,steady
layer_offload,8192,5,15,16,220,46.98723880574107,steady
layer_offload,8192,5,16,17,16,46.976612880825996,steady
layer_offload,8192,5,17,18,15,46.98085878044367,steady
layer_offload,8192,5,18,19,15,46.99491010978818,steady
layer_offload,8192,5,19,20,4,46.95509001612663,steady
layer_offload,8192,5,20,21,220,47.03678283840418,steady
layer_offload,8192,5,21,22,16,47.45180997997522,steady
layer_offload,8192,5,22,23,15,46.96739884093404,steady
layer_offload,8192,5,23,24,15,47.00563568621874,steady
layer_offload,8192,5,24,25,4,46.97899613529444,steady
layer_offload,8192,5,25,26,220,46.98800994083285,steady
layer_offload,8192,5,26,27,16,46.99404910206795,steady
layer_offload,8192,5,27,28,15,47.052797861397266,steady
layer_offload,8192,5,28,29,15,46.99883610010147,steady
layer_offload,8192,5,29,30,4,47.01379779726267,steady
layer_offload,8192,5,30,31,220,46.99335712939501,steady
layer_offload,8192,5,31,32,16,47.0020710490644,steady
standard,16384,1,1,2,220,36.62220388650894,first_step
standard,16384,1,2,3,16,34.91892199963331,steady
standard,16384,1,3,4,15,34.85675808042288,steady
standard,16384,1,4,5,15,34.92397861555219,steady
standard,16384,1,5,6,4,34.90082500502467,steady
standard,16384,1,6,7,220,34.92458118125796,steady
standard,16384,1,7,8,16,34.87035911530256,steady
standard,16384,1,8,9,15,34.907164983451366,steady
standard,16384,1,9,10,15,34.884180407971144,steady
standard,16384,1,10,11,4,34.91333406418562,steady
standard,16384,1,11,12,220,34.893624018877745,steady
standard,16384,1,12,13,16,35.10417230427265,steady
standard,16384,1,13,14,15,34.90568185225129,steady
standard,16384,1,14,15,15,34.90390023216605,steady
standard,16384,1,15,16,4,34.86944688484073,steady
standard,16384,1,16,17,220,34.90409906953573,steady
standard,16384,1,17,18,16,34.89183075726032,steady
standard,16384,1,18,19,15,34.922707825899124,steady
standard,16384,1,19,20,15,34.886003006249666,steady
standard,16384,1,20,21,4,34.912952687591314,steady
standard,16384,1,21,22,220,34.90078495815396,steady
standard,16384,1,22,23,16,34.929318353533745,steady
standard,16384,1,23,24,15,34.88678392022848,steady
standard,16384,1,24,25,15,34.921917133033276,steady
standard,16384,1,25,26,4,34.91728939116001,steady
standard,16384,1,26,27,220,34.92190595716238,steady
standard,16384,1,27,28,16,34.889406990259886,steady
standard,16384,1,28,29,15,34.93941295892,steady
standard,16384,1,29,30,15,34.92937795817852,steady
standard,16384,1,30,31,4,34.94472103193402,steady
standard,16384,1,31,32,220,34.893703646957874,steady
standard,16384,2,1,2,220,36.66831273585558,first_step
standard,16384,2,2,3,16,34.93490628898144,steady
standard,16384,2,3,4,15,34.86648295074701,steady
standard,16384,2,4,5,15,34.938923083245754,steady
standard,16384,2,5,6,4,34.9065437912941,steady
standard,16384,2,6,7,220,34.93701899424195,steady
standard,16384,2,7,8,16,34.87075911834836,steady
standard,16384,2,8,9,15,34.921586047858,steady
standard,16384,2,9,10,15,34.90109508857131,steady
standard,16384,2,10,11,4,34.92703381925821,steady
standard,16384,2,11,12,220,34.87140964716673,steady
standard,16384,2,12,13,16,34.93071999400854,steady
standard,16384,2,13,14,15,34.879342187196016,steady
standard,16384,2,14,15,15,34.91793991997838,steady
standard,16384,2,15,16,4,34.86875584349036,steady
standard,16384,2,16,17,220,34.94367888197303,steady
standard,16384,2,17,18,16,34.901405684649944,steady
standard,16384,2,18,19,15,34.91820069029927,steady
standard,16384,2,19,20,15,34.8909399472177,steady
standard,16384,2,20,21,4,34.92400981485844,steady
standard,16384,2,21,22,220,34.88450916483998,steady
standard,16384,2,22,23,16,34.938761964440346,steady
standard,16384,2,23,24,15,34.89471506327391,steady
standard,16384,2,24,25,15,34.93428463116288,steady
standard,16384,2,25,26,4,34.91068910807371,steady
standard,16384,2,26,27,220,34.93092022836208,steady
standard,16384,2,27,28,16,34.88447004929185,steady
standard,16384,2,28,29,15,34.92540214210749,steady
standard,16384,2,29,30,15,34.91835109889507,steady
standard,16384,2,30,31,4,34.92706501856446,steady
standard,16384,2,31,32,220,34.91387516260147,steady
standard,16384,3,1,2,220,37.00464032590389,first_step
standard,16384,3,2,3,16,34.927514847368,steady
standard,16384,3,3,4,15,34.86354881897569,steady
standard,16384,3,4,5,15,34.97110027819872,steady
standard,16384,3,5,6,4,34.914624877274036,steady
standard,16384,3,6,7,220,34.96151603758335,steady
standard,16384,3,7,8,16,34.87735940143466,steady
standard,16384,3,8,9,15,34.91584677249193,steady
standard,16384,3,9,10,15,34.895867109298706,steady
standard,16384,3,10,11,4,34.93087878450751,steady
standard,16384,3,11,12,220,34.873703960329294,steady
standard,16384,3,12,13,16,34.94043368846178,steady
standard,16384,3,13,14,15,34.904148895293474,steady
standard,16384,3,14,15,15,34.93638802319765,steady
standard,16384,3,15,16,4,34.887153189629316,steady
standard,16384,3,16,17,220,34.91140017285943,steady
standard,16384,3,17,18,16,34.92288803681731,steady
standard,16384,3,18,19,15,34.95981311425567,steady
standard,16384,3,19,20,15,34.88217480480671,steady
standard,16384,3,20,21,4,34.95897212997079,steady
standard,16384,3,21,22,220,34.90296797826886,steady
standard,16384,3,22,23,16,34.9472351372242,steady
standard,16384,3,23,24,15,34.91230122745037,steady
standard,16384,3,24,25,15,34.96144479140639,steady
standard,16384,3,25,26,4,34.916709177196026,steady
standard,16384,3,26,27,220,34.91125022992492,steady
standard,16384,3,27,28,16,34.899030812084675,steady
standard,16384,3,28,29,15,34.95608689263463,steady
standard,16384,3,29,30,15,34.90997804328799,steady
standard,16384,3,30,31,4,34.94807472452521,steady
standard,16384,3,31,32,220,34.93495471775532,steady
standard,16384,4,1,2,220,36.78534785285592,first_step
standard,16384,4,2,3,16,34.919342026114464,steady
standard,16384,4,3,4,15,34.87911121919751,steady
standard,16384,4,4,5,15,34.97995296493173,steady
standard,16384,4,5,6,4,34.91145884618163,steady
standard,16384,4,6,7,220,34.9671239964664,steady
standard,16384,4,7,8,16,34.87760899588466,steady
standard,16384,4,8,9,15,34.930889029055834,steady
standard,16384,4,9,10,15,34.89284170791507,steady
standard,16384,4,10,11,4,34.937439020723104,steady
standard,16384,4,11,12,220,34.861203748732805,steady
standard,16384,4,12,13,16,34.94552103802562,steady
standard,16384,4,13,14,15,34.88053334876895,steady
standard,16384,4,14,15,15,34.91295222193003,steady
standard,16384,4,15,16,4,34.86253600567579,steady
standard,16384,4,16,17,220,34.950198605656624,steady
standard,16384,4,17,18,16,34.87197030335665,steady
standard,16384,4,18,19,15,34.912191331386566,steady
standard,16384,4,19,20,15,34.872300922870636,steady
standard,16384,4,20,21,4,34.91570567712188,steady
standard,16384,4,21,22,220,34.87568628042936,steady
standard,16384,4,22,23,16,34.93034793063998,steady
standard,16384,4,23,24,15,34.88584095612168,steady
standard,16384,4,24,25,15,34.94130400940776,steady
standard,16384,4,25,26,4,34.89347314462066,steady
standard,16384,4,26,27,220,34.905861131846905,steady
standard,16384,4,27,28,16,34.88321742042899,steady
standard,16384,4,28,29,15,34.94978789240122,steady
standard,16384,4,29,30,15,34.91272125393152,steady
standard,16384,4,30,31,4,34.94337806478143,steady
standard,16384,4,31,32,220,34.936408046633005,steady
standard,16384,5,1,2,220,36.822885274887085,first_step
standard,16384,5,2,3,16,34.92829483002424,steady
standard,16384,5,3,4,15,34.8720196634531,steady
standard,16384,5,4,5,15,34.935405012220144,steady
standard,16384,5,5,6,4,34.89870112389326,steady
standard,16384,5,6,7,220,34.95314298197627,steady
standard,16384,5,7,8,16,34.87532492727041,steady
standard,16384,5,8,9,15,34.91291217505932,steady
standard,16384,5,9,10,15,34.909776877611876,steady
standard,16384,5,10,11,4,34.935705829411745,steady
standard,16384,5,11,12,220,34.88062275573611,steady
standard,16384,5,12,13,16,34.92995770648122,steady
standard,16384,5,13,14,15,34.89073924720287,steady
standard,16384,5,14,15,15,34.91424396634102,steady
standard,16384,5,15,16,4,34.87927094101906,steady
standard,16384,5,16,17,220,34.93630699813366,steady
standard,16384,5,17,18,16,34.91566609591246,steady
standard,16384,5,18,19,15,34.91688799113035,steady
standard,16384,5,19,20,15,34.88215524703264,steady
standard,16384,5,20,21,4,34.91472499445081,steady
standard,16384,5,21,22,220,34.896956756711006,steady
standard,16384,5,22,23,16,34.93920108303428,steady
standard,16384,5,23,24,15,34.90222571417689,steady
standard,16384,5,24,25,15,34.93395308032632,steady
standard,16384,5,25,26,4,34.917308017611504,steady
standard,16384,5,26,27,220,34.95458420366049,steady
standard,16384,5,27,28,16,34.89966178312898,steady
standard,16384,5,28,29,15,34.97663699090481,steady
standard,16384,5,29,30,15,34.92911625653505,steady
standard,16384,5,30,31,4,34.94357783347368,steady
standard,16384,5,31,32,220,34.91153009235859,steady
layer_offload,16384,1,1,2,220,78.71827110648155,first_step
layer_offload,16384,1,2,3,16,77.098716981709,steady
layer_offload,16384,1,3,4,15,77.04987190663815,steady
layer_offload,16384,1,4,5,15,77.14471500366926,steady
layer_offload,16384,1,5,6,4,77.13504089042544,steady
layer_offload,16384,1,6,7,220,77.15864712372422,steady
layer_offload,16384,1,7,8,16,77.05187518149614,steady
layer_offload,16384,1,8,9,15,77.13230699300766,steady
layer_offload,16384,1,9,10,15,77.14003883302212,steady
layer_offload,16384,1,10,11,4,77.18708971515298,steady
layer_offload,16384,1,11,12,220,77.08815019577742,steady
layer_offload,16384,1,12,13,16,77.17321859672666,steady
layer_offload,16384,1,13,14,15,77.15328922495246,steady
layer_offload,16384,1,14,15,15,77.17468123883009,steady
layer_offload,16384,1,15,16,4,77.10409397259355,steady
layer_offload,16384,1,16,17,220,77.2121069021523,steady
layer_offload,16384,1,17,18,16,77.19743484631181,steady
layer_offload,16384,1,18,19,15,77.17645261436701,steady
layer_offload,16384,1,19,20,15,77.17705378308892,steady
layer_offload,16384,1,20,21,4,77.18052016571164,steady
layer_offload,16384,1,21,22,220,77.13586185127497,steady
layer_offload,16384,1,22,23,16,77.22584810107946,steady
layer_offload,16384,1,23,24,15,77.14780978858471,steady
layer_offload,16384,1,24,25,15,77.18659890815616,steady
layer_offload,16384,1,25,26,4,77.22432492300868,steady
layer_offload,16384,1,26,27,220,77.5670032016933,steady
layer_offload,16384,1,27,28,16,77.49590510502458,steady
layer_offload,16384,1,28,29,15,77.19394005835056,steady
layer_offload,16384,1,29,30,15,77.21460098400712,steady
layer_offload,16384,1,30,31,4,77.21146568655968,steady
layer_offload,16384,1,31,32,220,77.20112102106214,steady
layer_offload,16384,2,1,2,220,79.25907569006085,first_step
layer_offload,16384,2,2,3,16,77.08449428901076,steady
layer_offload,16384,2,3,4,15,77.08033779636025,steady
layer_offload,16384,2,4,5,15,77.12177000939846,steady
layer_offload,16384,2,5,6,4,77.1390157751739,steady
layer_offload,16384,2,6,7,220,77.17026397585869,steady
layer_offload,16384,2,7,8,16,77.12352322414517,steady
layer_offload,16384,2,8,9,15,77.1646648645401,steady
layer_offload,16384,2,9,10,15,77.18122005462646,steady
layer_offload,16384,2,10,11,4,77.20901118591428,steady
layer_offload,16384,2,11,12,220,77.10611587390304,steady
layer_offload,16384,2,12,13,16,77.15800497680902,steady
layer_offload,16384,2,13,14,15,77.11602235212922,steady
layer_offload,16384,2,14,15,15,77.13839504867792,steady
layer_offload,16384,2,15,16,4,77.15783501043916,steady
layer_offload,16384,2,16,17,220,77.14428380131721,steady
layer_offload,16384,2,17,18,16,77.17632176354527,steady
layer_offload,16384,2,18,19,15,77.1958022378385,steady
layer_offload,16384,2,19,20,15,77.6000521145761,steady
layer_offload,16384,2,20,21,4,77.42903288453817,steady
layer_offload,16384,2,21,22,220,77.19311816617846,steady
layer_offload,16384,2,22,23,16,77.22915103659034,steady
layer_offload,16384,2,23,24,15,77.23581185564399,steady
layer_offload,16384,2,24,25,15,77.22999295219779,steady
layer_offload,16384,2,25,26,4,77.16203993186355,steady
layer_offload,16384,2,26,27,220,77.25939713418484,steady
layer_offload,16384,2,27,28,16,77.15489994734526,steady
layer_offload,16384,2,28,29,15,77.21708388999104,steady
layer_offload,16384,2,29,30,15,77.20078993588686,steady
layer_offload,16384,2,30,31,4,77.35125673934817,steady
layer_offload,16384,2,31,32,220,77.2278499789536,steady
layer_offload,16384,3,1,2,220,79.0815968066454,first_step
layer_offload,16384,3,2,3,16,77.11772294715047,steady
layer_offload,16384,3,3,4,15,77.08362117409706,steady
layer_offload,16384,3,4,5,15,77.18285219743848,steady
layer_offload,16384,3,5,6,4,77.15197512879968,steady
layer_offload,16384,3,6,7,220,77.19470886513591,steady
layer_offload,16384,3,7,8,16,77.09501776844263,steady
layer_offload,16384,3,8,9,15,77.19728304073215,steady
layer_offload,16384,3,9,10,15,77.2971143014729,steady
layer_offload,16384,3,10,11,4,77.16242130845785,steady
layer_offload,16384,3,11,12,220,77.08274060860276,steady
layer_offload,16384,3,12,13,16,77.1408979780972,steady
layer_offload,16384,3,13,14,15,77.1619500592351,steady
layer_offload,16384,3,14,15,15,77.1966022439301,steady
layer_offload,16384,3,15,16,4,77.10728794336319,steady
layer_offload,16384,3,16,17,220,77.1781038492918,steady
layer_offload,16384,3,17,18,16,77.15083286166191,steady
layer_offload,16384,3,18,19,15,77.44434569031,steady
layer_offload,16384,3,19,20,15,77.17388775199652,steady
layer_offload,16384,3,20,21,4,77.20083836466074,steady
layer_offload,16384,3,21,22,220,77.1798468194902,steady
layer_offload,16384,3,22,23,16,77.22918130457401,steady
layer_offload,16384,3,23,24,15,77.14901026338339,steady
layer_offload,16384,3,24,25,15,77.22948212176561,steady
layer_offload,16384,3,25,26,4,77.20198994502425,steady
layer_offload,16384,3,26,27,220,77.2375138476491,steady
layer_offload,16384,3,27,28,16,77.19264598563313,steady
layer_offload,16384,3,28,29,15,77.20046723261476,steady
layer_offload,16384,3,29,30,15,77.19134399667382,steady
layer_offload,16384,3,30,31,4,77.21553090959787,steady
layer_offload,16384,3,31,32,220,77.17971689999104,steady
layer_offload,16384,4,1,2,220,78.70396599173546,first_step
layer_offload,16384,4,2,3,16,77.1294399164617,steady
layer_offload,16384,4,3,4,15,77.0610561594367,steady
layer_offload,16384,4,4,5,15,77.11721118539572,steady
layer_offload,16384,4,5,6,4,77.12937006726861,steady
layer_offload,16384,4,6,7,220,77.19382783398032,steady
layer_offload,16384,4,7,8,16,77.08026608452201,steady
layer_offload,16384,4,8,9,15,77.16247905045748,steady
layer_offload,16384,4,9,10,15,77.1388141438365,steady
layer_offload,16384,4,10,11,4,77.21239514648914,steady
layer_offload,16384,4,11,12,220,77.100467402488,steady
layer_offload,16384,4,12,13,16,77.15222518891096,steady
layer_offload,16384,4,13,14,15,77.14654598385096,steady
layer_offload,16384,4,14,15,15,77.23438879474998,steady
layer_offload,16384,4,15,16,4,77.16477289795876,steady
layer_offload,16384,4,16,17,220,77.19906372949481,steady
layer_offload,16384,4,17,18,16,77.15766225010157,steady
layer_offload,16384,4,18,19,15,77.21017207950354,steady
layer_offload,16384,4,19,20,15,77.15062098577619,steady
layer_offload,16384,4,20,21,4,77.22938992083073,steady
layer_offload,16384,4,21,22,220,77.14900886639953,steady
layer_offload,16384,4,22,23,16,77.1941370330751,steady
layer_offload,16384,4,23,24,15,77.14725704863667,steady
layer_offload,16384,4,24,25,15,77.18778774142265,steady
layer_offload,16384,4,25,26,4,77.14474201202393,steady
layer_offload,16384,4,26,27,220,77.20944099128246,steady
layer_offload,16384,4,27,28,16,77.17893505468965,steady
layer_offload,16384,4,28,29,15,77.2076970897615,steady
layer_offload,16384,4,29,30,15,77.18502264469862,steady
layer_offload,16384,4,30,31,4,77.17999629676342,steady
layer_offload,16384,4,31,32,220,77.16316124424338,steady
layer_offload,16384,5,1,2,220,78.94262624904513,first_step
layer_offload,16384,5,2,3,16,77.06233719363809,steady
layer_offload,16384,5,3,4,15,77.05480698496103,steady
layer_offload,16384,5,4,5,15,77.15219398960471,steady
layer_offload,16384,5,5,6,4,77.11956417188048,steady
layer_offload,16384,5,6,7,220,77.14976975694299,steady
layer_offload,16384,5,7,8,16,77.10130605846643,steady
layer_offload,16384,5,8,9,15,77.17815227806568,steady
layer_offload,16384,5,9,10,15,77.13823206722736,steady
layer_offload,16384,5,10,11,4,77.23274501040578,steady
layer_offload,16384,5,11,12,220,77.1430591121316,steady
layer_offload,16384,5,12,13,16,77.14336039498448,steady
layer_offload,16384,5,13,14,15,77.11075013503432,steady
layer_offload,16384,5,14,15,15,77.19555776566267,steady
layer_offload,16384,5,15,16,4,77.52123987302184,steady
layer_offload,16384,5,16,17,220,77.3576027713716,steady
layer_offload,16384,5,17,18,16,77.15571904554963,steady
layer_offload,16384,5,18,19,15,77.20439182594419,steady
layer_offload,16384,5,19,20,15,77.20644492655993,steady
layer_offload,16384,5,20,21,4,77.20757694914937,steady
layer_offload,16384,5,21,22,220,77.18607410788536,steady
layer_offload,16384,5,22,23,16,77.25964486598969,steady
layer_offload,16384,5,23,24,15,77.15696934610605,steady
layer_offload,16384,5,24,25,15,77.18381099402905,steady
layer_offload,16384,5,25,26,4,77.20726635307074,steady
layer_offload,16384,5,26,27,220,77.22237892448902,steady
layer_offload,16384,5,27,28,16,77.1952080540359,steady
layer_offload,16384,5,28,29,15,77.21190294250846,steady
layer_offload,16384,5,29,30,15,77.30613509193063,steady
layer_offload,16384,5,30,31,4,77.2371906787157,steady
layer_offload,16384,5,31,32,220,77.15958403423429,steady
standard,32768,1,1,2,220,55.15610380098224,first_step
standard,32768,1,2,3,16,52.27505788207054,steady
standard,32768,1,3,4,15,52.02607112005353,steady
standard,32768,1,4,5,15,52.22751619294286,steady
standard,32768,1,5,6,4,52.10524098947644,steady
standard,32768,1,6,7,220,52.250959910452366,steady
standard,32768,1,7,8,16,52.04768432304263,steady
standard,32768,1,8,9,15,52.30554286390543,steady
standard,32768,1,9,10,15,52.53692204132676,steady
standard,32768,1,10,11,4,52.25907312706113,steady
standard,32768,1,11,12,220,52.03400319442153,steady
standard,32768,1,12,13,16,52.29363590478897,steady
standard,32768,1,13,14,15,52.13139019906521,steady
standard,32768,1,14,15,15,52.2586633451283,steady
standard,32768,1,15,16,4,52.05170996487141,steady
standard,32768,1,16,17,220,52.31133196502924,steady
standard,32768,1,17,18,16,52.15661879628897,steady
standard,32768,1,18,19,15,52.27411491796374,steady
standard,32768,1,19,20,15,52.07853997126222,steady
standard,32768,1,20,21,4,52.30720480903983,steady
standard,32768,1,21,22,220,52.21014888957143,steady
standard,32768,1,22,23,16,52.33832215890288,steady
standard,32768,1,23,24,15,52.12389910593629,steady
standard,32768,1,24,25,15,52.38180793821812,steady
standard,32768,1,25,26,4,52.2040999494493,steady
standard,32768,1,26,27,220,52.25888220593333,steady
standard,32768,1,27,28,16,52.066692151129246,steady
standard,32768,1,28,29,15,52.251831628382206,steady
standard,32768,1,29,30,15,52.17384407296777,steady
standard,32768,1,30,31,4,52.297421265393496,steady
standard,32768,1,31,32,220,52.06781392917037,steady
standard,32768,2,1,2,220,55.31580466777086,first_step
standard,32768,2,2,3,16,52.34883679077029,steady
standard,32768,2,3,4,15,52.01144935563207,steady
standard,32768,2,4,5,15,52.23923223093152,steady
standard,32768,2,5,6,4,52.244890946894884,steady
standard,32768,2,6,7,220,52.2834793664515,steady
standard,32768,2,7,8,16,52.04653227701783,steady
standard,32768,2,8,9,15,52.287244237959385,steady
standard,32768,2,9,10,15,52.200243808329105,steady
standard,32768,2,10,11,4,52.212591748684645,steady
standard,32768,2,11,12,220,52.07771807909012,steady
standard,32768,2,12,13,16,52.292832639068365,steady
standard,32768,2,13,14,15,52.14575072750449,steady
standard,32768,2,14,15,15,52.26394021883607,steady
standard,32768,2,15,16,4,52.024667616933584,steady
standard,32768,2,16,17,220,52.29264311492443,steady
standard,32768,2,17,18,16,52.14223498478532,steady
standard,32768,2,18,19,15,52.248275838792324,steady
standard,32768,2,19,20,15,52.09799902513623,steady
standard,32768,2,20,21,4,52.2984410636127,steady
standard,32768,2,21,22,220,52.15402273461223,steady
standard,32768,2,22,23,16,52.492784801870584,steady
standard,32768,2,23,24,15,52.038188092410564,steady
standard,32768,2,24,25,15,52.22874600440264,steady
standard,32768,2,25,26,4,52.20191506668925,steady
standard,32768,2,26,27,220,52.25458601489663,steady
standard,32768,2,27,28,16,52.07969108596444,steady
standard,32768,2,28,29,15,52.23022773861885,steady
standard,32768,2,29,30,15,52.19546612352133,steady
standard,32768,2,30,31,4,52.255996968597174,steady
standard,32768,2,31,32,220,52.054672967642546,steady
standard,32768,3,1,2,220,55.31270895153284,first_step
standard,32768,3,2,3,16,52.30572121217847,steady
standard,32768,3,3,4,15,52.05659568309784,steady
standard,32768,3,4,5,15,52.26542102172971,steady
standard,32768,3,5,6,4,52.152881398797035,steady
standard,32768,3,6,7,220,52.2612240165472,steady
standard,32768,3,7,8,16,52.086940966546535,steady
standard,32768,3,8,9,15,52.363418973982334,steady
standard,32768,3,9,10,15,52.158438600599766,steady
standard,32768,3,10,11,4,52.249557338654995,steady
standard,32768,3,11,12,220,52.02532885596156,steady
standard,32768,3,12,13,16,52.27244086563587,steady
standard,32768,3,13,14,15,52.12626000866294,steady
standard,32768,3,14,15,15,52.255294751375914,steady
standard,32768,3,15,16,4,52.05611512064934,steady
standard,32768,3,16,17,220,52.281325217336416,steady
standard,32768,3,17,18,16,52.17257095500827,steady
standard,32768,3,18,19,15,52.28852620348334,steady
standard,32768,3,19,20,15,52.078228909522295,steady
standard,32768,3,20,21,4,52.304879762232304,steady
standard,32768,3,21,22,220,52.15183878317475,steady
standard,32768,3,22,23,16,52.309256978332996,steady
standard,32768,3,23,24,15,52.11881920695305,steady
standard,32768,3,24,25,15,52.29350319132209,steady
standard,32768,3,25,26,4,52.206391002982855,steady
standard,32768,3,26,27,220,52.264380268752575,steady
standard,32768,3,27,28,16,52.07668570801616,steady
standard,32768,3,28,29,15,52.252089604735374,steady
standard,32768,3,29,30,15,52.19567473977804,steady
standard,32768,3,30,31,4,52.49024974182248,steady
standard,32768,3,31,32,220,52.16025188565254,steady
standard,32768,4,1,2,220,55.20129995420575,first_step
standard,32768,4,2,3,16,52.285670302808285,steady
standard,32768,4,3,4,15,52.02679010108113,steady
standard,32768,4,4,5,15,52.239771001040936,steady
standard,32768,4,5,6,4,52.12746188044548,steady
standard,32768,4,6,7,220,52.242746111005545,steady
standard,32768,4,7,8,16,52.032859064638615,steady
standard,32768,4,8,9,15,52.26037232205272,steady
standard,32768,4,9,10,15,52.14784201234579,steady
standard,32768,4,10,11,4,52.20275558531284,steady
standard,32768,4,11,12,220,52.03406000509858,steady
standard,32768,4,12,13,16,52.23482381552458,steady
standard,32768,4,13,14,15,52.13335109874606,steady
standard,32768,4,14,15,15,52.251709159463644,steady
standard,32768,4,15,16,4,52.04401584342122,steady
standard,32768,4,16,17,220,52.26920498535037,steady
standard,32768,4,17,18,16,52.11389111354947,steady
standard,32768,4,18,19,15,53.83417708799243,steady
standard,32768,4,19,20,15,52.29986226186156,steady
standard,32768,4,20,21,4,52.27316217496991,steady
standard,32768,4,21,22,220,52.172038704156876,steady
standard,32768,4,22,23,16,52.318701054900885,steady
standard,32768,4,23,24,15,52.09231888875365,steady
standard,32768,4,24,25,15,52.30030231177807,steady
standard,32768,4,25,26,4,52.20011109486222,steady
standard,32768,4,26,27,220,52.2249392233789,steady
standard,32768,4,27,28,16,52.07872809842229,steady
standard,32768,4,28,29,15,52.236777264624834,steady
standard,32768,4,29,30,15,52.165858913213015,steady
standard,32768,4,30,31,4,52.31474386528134,steady
standard,32768,4,31,32,220,52.080259658396244,steady
standard,32768,5,1,2,220,54.719082079827785,first_step
standard,32768,5,2,3,16,52.30148322880268,steady
standard,32768,5,3,4,15,52.05123592168093,steady
standard,32768,5,4,5,15,52.21344064921141,steady
standard,32768,5,5,6,4,52.1554839797318,steady
standard,32768,5,6,7,220,52.23522335290909,steady
standard,32768,5,7,8,16,52.04170197248459,steady
standard,32768,5,8,9,15,52.30744183063507,steady
standard,32768,5,9,10,15,52.153178956359625,steady
standard,32768,5,10,11,4,52.284668199718,steady
standard,32768,5,11,12,220,52.41488432511687,steady
standard,32768,5,12,13,16,52.245388738811016,steady
standard,32768,5,13,14,15,52.11679497733712,steady
standard,32768,5,14,15,15,52.26613022387028,steady
standard,32768,5,15,16,4,52.0370346494019,steady
standard,32768,5,16,17,220,52.312249317765236,steady
standard,32768,5,17,18,16,52.125268150120974,steady
standard,32768,5,18,19,15,52.2464900277555,steady
standard,32768,5,19,20,15,52.083134185522795,steady
standard,32768,5,20,21,4,52.28037107735872,steady
standard,32768,5,21,22,220,52.15273890644312,steady
standard,32768,5,22,23,16,52.325048949569464,steady
standard,32768,5,23,24,15,52.08276305347681,steady
standard,32768,5,24,25,15,52.250787150114775,steady
standard,32768,5,25,26,4,52.18998622149229,steady
standard,32768,5,26,27,220,52.316857036203146,steady
standard,32768,5,27,28,16,52.069041877985,steady
standard,32768,5,28,29,15,52.25833831354976,steady
standard,32768,5,29,30,15,52.203215193003416,steady
standard,32768,5,30,31,4,52.257707342505455,steady
standard,32768,5,31,32,220,52.05521173775196,steady
layer_offload,32768,1,1,2,220,138.2482391782105,first_step
layer_offload,32768,1,2,3,16,135.9290797263384,steady
layer_offload,32768,1,3,4,15,135.70085633546114,steady
layer_offload,32768,1,4,5,15,135.92677703127265,steady
layer_offload,32768,1,5,6,4,135.7941059395671,steady
layer_offload,32768,1,6,7,220,135.87111234664917,steady
layer_offload,32768,1,7,8,16,135.7108000665903,steady
layer_offload,32768,1,8,9,15,135.8769009821117,steady
layer_offload,32768,1,9,10,15,135.7987029477954,steady
layer_offload,32768,1,10,11,4,135.94486424699426,steady
layer_offload,32768,1,11,12,220,135.6943561695516,steady
layer_offload,32768,1,12,13,16,135.93863369897008,steady
layer_offload,32768,1,13,14,15,136.27002388238907,steady
layer_offload,32768,1,14,15,15,135.95558889210224,steady
layer_offload,32768,1,15,16,4,135.738180950284,steady
layer_offload,32768,1,16,17,220,136.00109796971083,steady
layer_offload,32768,1,17,18,16,135.84452215582132,steady
layer_offload,32768,1,18,19,15,136.03172404691577,steady
layer_offload,32768,1,19,20,15,135.7489670626819,steady
layer_offload,32768,1,20,21,4,135.99117333069444,steady
layer_offload,32768,1,21,22,220,135.8424578793347,steady
layer_offload,32768,1,22,23,16,135.97023114562035,steady
layer_offload,32768,1,23,24,15,135.77774027362466,steady
layer_offload,32768,1,24,25,15,135.95728063955903,steady
layer_offload,32768,1,25,26,4,135.85767103359103,steady
layer_offload,32768,1,26,27,220,135.9948879107833,steady
layer_offload,32768,1,27,28,16,135.7911811210215,steady
layer_offload,32768,1,28,29,15,136.04328082874417,steady
layer_offload,32768,1,29,30,15,135.89389622211456,steady
layer_offload,32768,1,30,31,4,136.03194383904338,steady
layer_offload,32768,1,31,32,220,135.7816061936319,steady
layer_offload,32768,2,1,2,220,138.28235818073153,first_step
layer_offload,32768,2,2,3,16,135.8733531087637,steady
layer_offload,32768,2,3,4,15,135.71738731116056,steady
layer_offload,32768,2,4,5,15,135.86621219292283,steady
layer_offload,32768,2,5,6,4,135.77735796570778,steady
layer_offload,32768,2,6,7,220,135.90549118816853,steady
layer_offload,32768,2,7,8,16,135.7252188026905,steady
layer_offload,32768,2,8,9,15,135.96347905695438,steady
layer_offload,32768,2,9,10,15,135.84367791190743,steady
layer_offload,32768,2,10,11,4,135.92960825189948,steady
layer_offload,32768,2,11,12,220,135.99106995388865,steady
layer_offload,32768,2,12,13,16,135.97530592232943,steady
layer_offload,32768,2,13,14,15,135.7751153409481,steady
layer_offload,32768,2,14,15,15,135.98739402368665,steady
layer_offload,32768,2,15,16,4,135.67319978028536,steady
layer_offload,32768,2,16,17,220,135.97862096503377,steady
layer_offload,32768,2,17,18,16,135.88432781398296,steady
layer_offload,32768,2,18,19,15,135.95842011272907,steady
layer_offload,32768,2,19,20,15,135.7677630148828,steady
layer_offload,32768,2,20,21,4,135.9097259119153,steady
layer_offload,32768,2,21,22,220,135.77128807082772,steady
layer_offload,32768,2,22,23,16,136.0496492125094,steady
layer_offload,32768,2,23,24,15,135.7789090834558,steady
layer_offload,32768,2,24,25,15,135.96898596733809,steady
layer_offload,32768,2,25,26,4,135.83881966769695,steady
layer_offload,32768,2,26,27,220,135.97265211865306,steady
layer_offload,32768,2,27,28,16,135.78646024689078,steady
layer_offload,32768,2,28,29,15,135.99197985604405,steady
layer_offload,32768,2,29,30,15,135.86739264428616,steady
layer_offload,32768,2,30,31,4,136.03356387466192,steady
layer_offload,32768,2,31,32,220,135.74356585741043,steady
layer_offload,32768,3,1,2,220,138.32151424139738,first_step
layer_offload,32768,3,2,3,16,135.91648591682315,steady
layer_offload,32768,3,3,4,15,135.7100633904338,steady
layer_offload,32768,3,4,5,15,135.87738573551178,steady
layer_offload,32768,3,5,6,4,135.80817077308893,steady
layer_offload,32768,3,6,7,220,135.91122720390558,steady
layer_offload,32768,3,7,8,16,135.7033927924931,steady
layer_offload,32768,3,8,9,15,135.89742593467236,steady
layer_offload,32768,3,9,10,15,135.74564782902598,steady
layer_offload,32768,3,10,11,4,135.88494760915637,steady
layer_offload,32768,3,11,12,220,135.73743402957916,steady
layer_offload,32768,3,12,13,16,136.0038360580802,steady
layer_offload,32768,3,13,14,15,135.81692520529032,steady
layer_offload,32768,3,14,15,15,135.9538109973073,steady
layer_offload,32768,3,15,16,4,135.76534623280168,steady
layer_offload,32768,3,16,17,220,135.97768684849143,steady
layer_offload,32768,3,17,18,16,135.7747414149344,steady
layer_offload,32768,3,18,19,15,136.01011596620083,steady
layer_offload,32768,3,19,20,15,135.80122031271458,steady
layer_offload,32768,3,20,21,4,135.87707513943315,steady
layer_offload,32768,3,21,22,220,135.83066500723362,steady
layer_offload,32768,3,22,23,16,135.91079507023096,steady
layer_offload,32768,3,23,24,15,135.75499085709453,steady
layer_offload,32768,3,24,25,15,135.96150232478976,steady
layer_offload,32768,3,25,26,4,135.80560591071844,steady
layer_offload,32768,3,26,27,220,136.0087632201612,steady
layer_offload,32768,3,27,28,16,135.8301341533661,steady
layer_offload,32768,3,28,29,15,135.9832650050521,steady
layer_offload,32768,3,29,30,15,135.85495110601187,steady
layer_offload,32768,3,30,31,4,136.02477684617043,steady
layer_offload,32768,3,31,32,220,135.75881579890847,steady
layer_offload,32768,4,1,2,220,138.50048137828708,first_step
layer_offload,32768,4,2,3,16,135.95598237589002,steady
layer_offload,32768,4,3,4,15,135.6838010251522,steady
layer_offload,32768,4,4,5,15,135.8571220189333,steady
layer_offload,32768,4,5,6,4,135.7563203200698,steady
layer_offload,32768,4,6,7,220,135.9006892889738,steady
layer_offload,32768,4,7,8,16,135.6824990361929,steady
layer_offload,32768,4,8,9,15,135.88903099298477,steady
layer_offload,32768,4,9,10,15,135.7377520762384,steady
layer_offload,32768,4,10,11,4,135.89918613433838,steady
layer_offload,32768,4,11,12,220,135.73805196210742,steady
layer_offload,32768,4,12,13,16,135.9524861909449,steady
layer_offload,32768,4,13,14,15,135.7589140534401,steady
layer_offload,32768,4,14,15,15,135.96795871853828,steady
layer_offload,32768,4,15,16,4,135.73495671153069,steady
layer_offload,32768,4,16,17,220,135.9363617375493,steady
layer_offload,32768,4,17,18,16,135.81870403140783,steady
layer_offload,32768,4,18,19,15,135.9200868755579,steady
layer_offload,32768,4,19,20,15,135.78146789222956,steady
layer_offload,32768,4,20,21,4,136.00649684667587,steady
layer_offload,32768,4,21,22,220,135.76235761865973,steady
layer_offload,32768,4,22,23,16,135.9328362159431,steady
layer_offload,32768,4,23,24,15,135.7714026235044,steady
layer_offload,32768,4,24,25,15,135.9727862291038,steady
layer_offload,32768,4,25,26,4,135.86700707674026,steady
layer_offload,32768,4,26,27,220,136.0034616664052,steady
layer_offload,32768,4,27,28,16,135.78449236229062,steady
layer_offload,32768,4,28,29,15,135.9821199439466,steady
layer_offload,32768,4,29,30,15,135.86325105279684,steady
layer_offload,32768,4,30,31,4,136.01361820474267,steady
layer_offload,32768,4,31,32,220,135.77156327664852,steady
layer_offload,32768,5,1,2,220,137.93880073353648,first_step
layer_offload,32768,5,2,3,16,135.89091133326292,steady
layer_offload,32768,5,3,4,15,135.7293571345508,steady
layer_offload,32768,5,4,5,15,135.84750518202782,steady
layer_offload,32768,5,5,6,4,135.7532530091703,steady
layer_offload,32768,5,6,7,220,135.93919295817614,steady
layer_offload,32768,5,7,8,16,135.7074840925634,steady
layer_offload,32768,5,8,9,15,135.91530825942755,steady
layer_offload,32768,5,9,10,15,135.77774912118912,steady
layer_offload,32768,5,10,11,4,135.900414083153,steady
layer_offload,32768,5,11,12,220,135.74166502803564,steady
layer_offload,32768,5,12,13,16,135.94009401276708,steady
layer_offload,32768,5,13,14,15,135.83688903599977,steady
layer_offload,32768,5,14,15,15,135.9592229127884,steady
layer_offload,32768,5,15,16,4,135.72826515883207,steady
layer_offload,32768,5,16,17,220,136.00241905078292,steady
layer_offload,32768,5,17,18,16,135.79101907089353,steady
layer_offload,32768,5,18,19,15,135.96243783831596,steady
layer_offload,32768,5,19,20,15,135.78177522867918,steady
layer_offload,32768,5,20,21,4,135.91609755530953,steady
layer_offload,32768,5,21,22,220,135.8075551688671,steady
layer_offload,32768,5,22,23,16,135.92958776280284,steady
layer_offload,32768,5,23,24,15,135.7277543283999,steady
layer_offload,32768,5,24,25,15,135.99309418350458,steady
layer_offload,32768,5,25,26,4,135.8207343146205,steady
layer_offload,32768,5,26,27,220,135.96909772604704,steady
layer_offload,32768,5,27,28,16,135.7550248503685,steady
layer_offload,32768,5,28,29,15,135.94683399423957,steady
layer_offload,32768,5,29,30,15,135.82778489217162,steady
layer_offload,32768,5,30,31,4,136.0320532694459,steady
layer_offload,32768,5,31,32,220,135.74982713907957,steady
