method,sequence_length,decode_tokens,decode_forward_steps,generated_token_ids,decode_step_latencies_ms,prefill_seconds,prefill_tokens_per_second,decode_first_step_ms,decode_all_mean_ms,decode_all_std_ms,decode_steady_mean_ms,decode_steady_std_ms,decode_steady_p50_ms,decode_steady_p95_ms,decode_steady_min_ms,decode_steady_max_ms,prefill_peak_gpu_allocated_gib,prefill_peak_gpu_reserved_gib,decode_peak_gpu_allocated_gib,decode_peak_gpu_reserved_gib,cpu_rss_before_gib,cpu_rss_after_prefill_gib,cpu_rss_after_decode_gib,cache_cpu_gib,cache_gpu_gib,cache_total_gib,theoretical_cache_gib,cache_ratio,trial,status,error
standard,4096,32,31,"[220, 16, 15, 15, 4, 220, 16, 15, 15, 4, 220, 16, 15, 15, 4, 220, 16, 15, 15, 4, 220, 16, 15, 15, 4, 220, 16, 15, 15, 4, 220, 16]","[21.624192129820585, 20.683092065155506, 20.673596765846014, 20.667769014835358, 20.676701795309782, 20.718185231089592, 21.03441208600998, 20.68480523303151, 20.6860457547009, 20.667628850787878, 20.695239771157503, 20.70101909339428, 20.704424008727074, 20.6615193746984, 20.710533019155264, 20.698023959994316, 20.72048792615533, 20.686427131295204, 20.70975210517645, 20.706426817923784, 20.705776289105415, 20.706045906990767, 20.800037775188684, 20.71353793144226, 20.735790953040123, 20.69831406697631, 20.683883223682642, 20.740327890962362, 20.710363052785397, 20.699166227132082, 20.6985748372972]",0.4050438445992768,10112.485486731215,21.624192129820585,20.742003235124773,0.1762156837634577,20.712596938634913,0.06627004888687123,20.70009266026318,20.77316832728684,20.6615193746984,21.03441208600998,14.999261379241943,15.20703125,14.511195659637451,15.20703125,1.3045158386230469,1.3045158386230469,1.3045158386230469,0.0,0.22040557861328125,0.22040557861328125,0.22040557861328125,1.0,1,ok,
standard,4096,32,31,"[220, 16, 15, 15, 4, 220, 16, 15, 15, 4, 220, 16, 15, 15, 4, 220, 16, 15, 15, 4, 220, 16, 15, 15, 4, 220, 16, 15, 15, 4, 220, 16]","[21.78076934069395, 20.711825229227543, 20.673025865107775, 20.686717238277197, 20.64868016168475, 20.696100778877735, 20.693216007202864, 20.684242714196444, 20.677973981946707, 20.786738023161888, 20.722842309623957, 20.709542091935873, 20.711123943328857, 20.697582978755236, 20.689531229436398, 20.705996081233025, 20.708720199763775, 20.70321189239621, 20.710463169962168, 20.71723435074091, 20.69947589188814, 20.668318960815668, 20.720838103443384, 20.720387808978558, 20.715539809316397, 20.67273622378707, 20.972589030861855, 20.730653312057257, 20.70628572255373, 20.68008715286851, 20.71212511509657]",0.4052256075665355,10107.949555797662,21.78076934069395,20.745631442555496,0.1996293189614475,20.711126845950883,0.055188850042823284,20.706140901893377,20.761499903164804,20.64868016168475,20.972589030861855,14.999261379241943,15.20703125,14.511195659637451,15.20703125,1.3045158386230469,1.3045158386230469,1.3045158386230469,0.0,0.22040557861328125,0.22040557861328125,0.22040557861328125,1.0,2,ok,
standard,4096,32,31,"[220, 16, 15, 15, 4, 220, 16, 15, 15, 4, 220, 16, 15, 15, 4, 220, 16, 15, 15, 4, 220, 16, 15, 15, 4, 220, 16, 15, 15, 4, 220, 16]","[21.606225054711103, 20.73620120063424, 21.03859791532159, 20.690131932497025, 20.66369168460369, 20.695970859378576, 20.69012215360999, 20.701759960502386, 20.674327854067087, 20.703132264316082, 20.70312201976776, 20.705515053123236, 20.68640710785985, 20.688919816166162, 20.695130340754986, 20.67541005089879, 20.709621720016003, 20.69816505536437, 20.69915598258376, 20.677984226495028, 20.705564878880978, 20.79935697838664, 20.712004974484444, 20.738514605909586, 20.694278180599213, 20.701979752629995, 20.706235896795988, 20.70624614134431, 20.686957985162735, 20.68881969898939, 20.710371900349855]",0.40525737404823303,10107.157234633074,21.606225054711103,20.74161042729693,0.17314108352003724,20.71278993971646,0.06613934480477472,20.700457971543074,20.771977910771966,20.66369168460369,21.03859791532159,14.999261379241943,15.20703125,14.511195659637451,15.20703125,1.3045158386230469,1.3045158386230469,1.3045158386230469,0.0,0.22040557861328125,0.22040557861328125,0.22040557861328125,1.0,3,ok,
standard,4096,32,31,"[220, 16, 15, 15, 4, 220, 16, 15, 15, 4, 220, 16, 15, 15, 4, 220, 16, 15, 15, 4, 220, 16, 15, 15, 4, 220, 16, 15, 15, 4, 220, 16]","[21.77404798567295, 20.718906074762344, 20.698585081845522, 20.67599119618535, 20.677391905337572, 20.667146891355515, 20.70636674761772, 20.701670087873936, 20.671033300459385, 20.681669004261494, 20.702490117400885, 20.69683186709881, 20.64774790778756, 20.68203967064619, 20.690793171525, 20.710092969238758, 20.690102130174637, 20.867779850959778, 20.705104805529118, 20.707768853753805, 20.66231006756425, 20.688689779490232, 20.696402061730623, 20.714559126645327, 20.704934373497963, 20.690332166850567, 20.71876497939229, 20.71958687156439, 20.72115894407034, 20.689952187240124, 20.717542618513107]",0.40502404933795333,10112.979727241542,21.77404798567295,20.73541267084018,0.19608854947968712,20.700791493679088,0.03657749574442402,20.697708474472165,20.72045151144266,20.64774790778756,20.867779850959778,14.999261379241943,15.20703125,14.511195659637451,15.20703125,1.3045158386230469,1.3045158386230469,1.3045158386230469,0.0,0.22040557861328125,0.22040557861328125,0.22040557861328125,1.0,4,ok,
standard,4096,32,31,"[220, 16, 15, 15, 4, 220, 16, 15, 15, 4, 220, 16, 15, 15, 4, 220, 16, 15, 15, 4, 220, 16, 15, 15, 4, 220, 16, 15, 15, 4, 220, 16]","[21.666907239705324, 20.707629155367613, 20.67789388820529, 20.64613625407219, 20.67381702363491, 20.684442948549986, 20.694779232144356, 20.67072270438075, 20.665165036916733, 20.720056723803282, 20.690441597253084, 20.686966832727194, 20.68262081593275, 20.688930060714483, 20.722250919789076, 20.69590985774994, 20.67414717748761, 20.70356160402298, 20.715479739010334, 20.681718830019236, 21.210407372564077, 20.903503987938166, 20.68499429151416, 20.70117788389325, 20.68851003423333, 20.68352187052369, 20.70528408512473, 20.702039822936058, 20.68118890747428, 20.682970993220806, 20.726016256958246]",0.4050981802865863,10111.129102338326,21.666907239705324,20.74578042412477,0.19859332152147713,20.715076196938753,0.10279241270700591,20.688720047473907,20.823634508997202,20.64613625407219,21.210407372564077,14.999261379241943,15.20703125,14.511195659637451,15.20703125,1.3045158386230469,1.3045158386230469,1.3045158386230469,0.0,0.22040557861328125,0.22040557861328125,0.22040557861328125,1.0,5,ok,
layer_offload,4096,32,31,"[220, 16, 15, 15, 4, 220, 16, 15, 15, 4, 220, 16, 15, 15, 4, 220, 16, 15, 15, 4, 220, 16, 15, 15, 4, 220, 16, 15, 15, 4, 220, 16]","[32.43058314546943, 31.702654901891947, 31.64367564022541, 31.73034591600299, 31.733710784465075, 31.694572884589434, 31.677355989813805, 31.711338087916374, 31.714022159576416, 31.696015037596226, 33.074886072427034, 31.85248002409935, 31.714962795376778, 31.709483824670315, 31.74180304631591, 31.70795226469636, 31.737095676362514, 31.722203828394413, 31.710305251181126, 31.746470369398594, 31.741042155772448, 31.731097027659416, 31.767611857503653, 31.733490992337465, 31.78208414465189, 31.746140215545893, 31.759430188685656, 31.774082221090794, 31.79161809384823, 31.747843138873577, 31.792559660971165]",0.4135626321658492,9904.183021925925,32.43058314546943,31.800610238626117,0.27027020052670336,31.77961114173134,0.24783787201298646,31.73360088840127,31.825515860691667,31.64367564022541,33.074886072427034,14.796136379241943,15.0625,14.306533336639404,15.1015625,1.9456825256347656,1.9456825256347656,1.9456825256347656,0.20466232299804688,0.015743255615234375,0.22040557861328125,0.22040557861328125,1.0,1,ok,
layer_offload,4096,32,31,"[220, 16, 15, 15, 4, 220, 16, 15, 15, 4, 220, 16, 15, 15, 4, 220, 16, 15, 15, 4, 220, 16, 15, 15, 4, 220, 16, 15, 15, 4, 220, 16]","[32.45171485468745, 31.68993489816785, 31.672388315200806, 31.69884905219078, 31.695603393018246, 31.716125085949898, 31.729495152831078, 31.684227287769318, 31.705197878181934, 31.69236797839403, 31.729175243526697, 31.729273963719606, 31.73129679635167, 31.729925889521837, 31.70893294736743, 31.684275716543198, 31.72952402383089, 31.736255157738924, 31.713540200144053, 31.737988349050283, 31.743846833705902, 31.743055675178766, 31.74640005454421, 31.74675116315484, 31.776596326380968, 31.762783881276846, 31.76947496831417, 31.7536611109972, 31.750346068292856, 31.80721215903759, 31.747781671583652]",0.4135202360339463,9905.19844756462,32.45171485468745,31.752064583762998,0.13329871419922543,31.728742908065517,0.030641924114760747,31.729724956676364,31.77339171525091,31.672388315200806,31.80721215903759,14.796136379241943,15.0625,14.306533336639404,15.1015625,1.9456825256347656,1.9456825256347656,1.9456825256347656,0.20466232299804688,0.015743255615234375,0.22040557861328125,0.22040557861328125,1.0,2,ok,
layer_offload,4096,32,31,"[220, 16, 15, 15, 4, 220, 16, 15, 15, 4, 220, 16, 15, 15, 4, 220, 16, 15, 15, 4, 220, 16, 15, 15, 4, 220, 16, 15, 15, 4, 220, 16]","[32.631125301122665, 31.690907198935747, 31.663074158132076, 31.735394150018692, 31.691587064415216, 31.71688597649336, 31.738767866045237, 31.663464847952127, 31.705047003924847, 31.66869282722473, 31.710125971585512, 31.707850750535727, 31.708633061498404, 31.697005033493042, 31.719138380140066, 31.732037663459778, 31.737377401441336, 31.696304213255644, 31.717376317828894, 31.765719410032034, 31.722203362733126, 31.736474949866533, 31.73837810754776, 31.747091095894575, 31.75619477406144, 31.804006081074476, 31.94910567253828, 31.777246855199337, 31.759069301187992, 31.87886020168662, 31.936035957187414]",0.41377866407856345,9899.012094113918,32.631125301122665,31.771005837306863,0.17358674546474462,31.742335188513,0.06935791005498043,31.72712051309645,31.910306867212057,31.663074158132076,31.94910567253828,14.796136379241943,15.0625,14.306533336639404,15.1015625,1.9456825256347656,1.9456825256347656,1.9456825256347656,0.20466232299804688,0.015743255615234375,0.22040557861328125,0.22040557861328125,1.0,3,ok,
layer_offload,4096,32,31,"[220, 16, 15, 15, 4, 220, 16, 15, 15, 4, 220, 16, 15, 15, 4, 220, 16, 15, 15, 4, 220, 16, 15, 15, 4, 220, 16, 15, 15, 4, 220, 16]","[32.380246091634035, 31.69984882697463, 31.692097894847393, 31.69436100870371, 31.68268408626318, 31.7055881023407, 31.706280075013638, 31.693540047854185, 31.704746652394533, 31.718146987259388, 31.736413948237896, 31.70087095350027, 31.677094753831625, 31.73959907144308, 31.73099597916007, 31.708643306046724, 31.72817174345255, 31.70714108273387, 31.70953504741192, 31.728372909128666, 31.7219328135252, 31.719658989459276, 31.772640068084, 31.749894842505455, 31.76759136840701, 31.756094191223383, 31.820951960980892, 31.77581401541829, 31.79345093667507, 31.968894880264997, 31.74881311133504]",0.41442378517240286,9883.602598475469,32.380246091634035,31.75613276600357,0.1280959584781306,31.735328988482554,0.055632996705035666,31.720795901492238,31.808576500043273,31.677094753831625,31.968894880264997,14.796136379241943,15.0625,14.306533336639404,15.1015625,1.9456825256347656,1.9456825256347656,1.9456825256347656,0.20466232299804688,0.015743255615234375,0.22040557861328125,0.22040557861328125,1.0,4,ok,
layer_offload,4096,32,31,"[220, 16, 15, 15, 4, 220, 16, 15, 15, 4, 220, 16, 15, 15, 4, 220, 16, 15, 15, 4, 220, 16, 15, 15, 4, 220, 16, 15, 15, 4, 220, 16]","[32.45048224925995, 31.651225872337818, 31.670264899730682, 31.68720006942749, 31.677726190537214, 31.708342023193836, 31.69256867840886, 31.704545952379704, 31.72478685155511, 31.703324988484383, 31.727861147373915, 31.72157285735011, 31.688372138887644, 31.731717754155397, 31.714461743831635, 31.709543894976377, 31.733850948512554, 31.71126591041684, 31.823906116187572, 31.756584998220205, 31.729573849588633, 31.767030712217093, 31.76123322919011, 31.751457136124372, 31.7314681597054, 31.774753239005804, 31.802393961697817, 31.742373015731573, 31.75138682126999, 31.807282008230686, 31.801613047719]",0.41412609396502376,9890.707346603327,32.45048224925995,31.75516678921638,0.1355460628192201,31.731989607214928,0.04218310351080932,31.728717498481274,31.805082387290895,31.651225872337818,31.823906116187572,14.796136379241943,15.0625,14.306533336639404,15.1015625,1.9456825256347656,1.9456825256347656,1.9456825256347656,0.20466232299804688,0.015743255615234375,0.22040557861328125,0.22040557861328125,1.0,5,ok,
standard,8192,32,31,"[220, 16, 15, 15, 4, 220, 16, 15, 15, 4, 220, 16, 15, 15, 4, 220, 16, 15, 15, 4, 220, 16, 15, 15, 4, 220, 16, 15, 15, 4, 220, 16]","[26.53573313727975, 25.497396010905504, 25.444065686315298, 25.61030676588416, 25.472158100456, 25.49091586843133, 25.477126240730286, 25.482594035565853, 25.501903146505356, 25.480701122432947, 25.4697953350842, 25.505557656288147, 25.489374063909054, 25.49368003383279, 25.480831041932106, 25.502874050289392, 25.47770692035556, 25.50428733229637, 25.506368838250637, 25.47389129176736, 25.522954761981964, 25.526268873363733, 25.519980117678642, 25.488262996077538, 25.528162252157927, 25.518618058413267, 25.49910917878151, 25.503105018287897, 25.497796945273876, 25.521542876958847, 25.54265409708023]",0.8632952817715704,9489.22132782792,26.53573313727975,25.534378124340886,0.1880930939425659,25.500999623909593,0.029498549933713373,25.498453062027693,25.536132766865194,25.444065686315298,25.61030676588416,15.764001369476318,16.076171875,14.784740924835205,16.076171875,1.3113861083984375,1.3113861083984375,1.3113861083984375,0.0,0.43915557861328125,0.43915557861328125,0.43915557861328125,1.0,1,ok,
standard,8192,32,31,"[220, 16, 15, 15, 4, 220, 16, 15, 15, 4, 220, 16, 15, 15, 4, 220, 16, 15, 15, 4, 220, 16, 15, 15, 4, 220, 16, 15, 15, 4, 220, 16]","[26.525729335844517, 25.51099704578519, 25.450164917856455, 25.469454005360603, 25.486659724265337, 25.45706508681178, 25.47065494582057, 25.50242329016328, 25.47946898266673, 25.475031696259975, 25.526239071041346, 25.4918378777802, 25.497726164758205, 25.538026820868254, 25.51558380946517, 25.49412101507187, 25.475122034549713, 25.53768688812852, 25.499279145151377, 25.48255305737257, 25.658139027655125, 25.518517941236496, 25.52942419424653, 25.522893760353327, 25.528273079544306, 25.52908379584551, 25.51438193768263, 25.526651181280613, 25.478867813944817, 25.508632883429527, 25.551186874508858]",0.8642896083183587,9478.304403010361,26.525729335844517,25.54038314208869,0.18675375591608423,25.507538268963497,0.03852373571759444,25.505528086796403,25.545264850370586,25.450164917856455,25.658139027655125,15.764001369476318,16.076171875,14.784740924835205,16.076171875,1.3113861083984375,1.3113861083984375,1.3113861083984375,0.0,0.43915557861328125,0.43915557861328125,0.43915557861328125,1.0,2,ok,
standard,8192,32,31,"[220, 16, 15, 15, 4, 220, 16, 15, 15, 4, 220, 16, 15, 15, 4, 220, 16, 15, 15, 4, 220, 16, 15, 15, 4, 220, 16, 15, 15, 4, 220, 16]","[26.8448400311172, 25.48824204131961, 25.445538107305765, 25.520140305161476, 25.482432916760445, 25.452447589486837, 25.514551904052496, 25.50638886168599, 25.482963770627975, 25.497525930404663, 25.52974410355091, 25.508171878755093, 25.50796139985323, 25.542754214257002, 25.49181692302227, 25.480530224740505, 25.493490044027567, 25.479968637228012, 25.47785732895136, 25.511146057397127, 25.528422091156244, 25.510014966130257, 25.53886780515313, 25.552027858793736, 25.506308767944574, 25.526418816298246, 25.546940974891186, 25.496995076537132, 25.475482922047377, 25.561652146279812, 25.519839022308588]",0.8644482609815896,9476.564844607245,26.8448400311172,25.549080087653092,0.24205836533913538,25.50588808953762,0.028043854079485668,25.50717513076961,25.549738761037588,25.445538107305765,25.561652146279812,15.764001369476318,16.076171875,14.784740924835205,16.076171875,1.3113861083984375,1.3113861083984375,1.3113861083984375,0.0,0.43915557861328125,0.43915557861328125,0.43915557861328125,1.0,3,ok,
standard,8192,32,31,"[220, 16, 15, 15, 4, 220, 16, 15, 15, 4, 220, 16, 15, 15, 4, 220, 16, 15, 15, 4, 220, 16, 15, 15, 4, 220, 16, 15, 15, 4, 220, 16]","[26.542843785136938, 25.518747977912426, 25.45425994321704, 25.46541765332222, 25.457926094532013, 25.50615882501006, 25.484786368906498, 25.488853454589844, 25.502123404294252, 25.485076941549778, 25.493990164250135, 25.475813075900078, 25.533959735184908, 25.493660010397434, 25.489204097539186, 25.525728706270456, 25.499908719211817, 25.503965094685555, 25.493319146335125, 25.51356004551053, 25.499848648905754, 25.535613764077425, 25.54235327988863, 25.521401781588793, 25.51833726465702, 25.53485194221139, 25.582683738321066, 25.49961907789111, 25.5239550024271, 25.52116196602583, 25.520259980112314]",0.8654154553078115,9465.973769888666,26.542843785136938,25.539657731931054,0.1880581754281498,25.506218196824193,0.026940539744006963,25.503044249489903,25.539320497773588,25.45425994321704,25.582683738321066,15.764001369476318,16.076171875,14.784740924835205,16.076171875,1.3113861083984375,1.3113861083984375,1.3113861083984375,0.0,0.43915557861328125,0.43915557861328125,0.43915557861328125,1.0,4,ok,
standard,8192,32,31,"[220, 16, 15, 15, 4, 220, 16, 15, 15, 4, 220, 16, 15, 15, 4, 220, 16, 15, 15, 4, 220, 16, 15, 15, 4, 220, 16, 15, 15, 4, 220, 16]","[27.009107172489166, 25.53348010405898, 25.44257277622819, 25.44631902128458, 25.472088251262903, 25.48276260495186, 25.472397916018963, 25.45619336888194, 25.606439914554358, 25.489434134215117, 25.482793804258108, 25.50021978095174, 25.49140714108944, 25.506047997623682, 25.495623238384724, 25.5199889652431, 25.482922792434692, 25.48023872077465, 25.560340844094753, 25.473609566688538, 25.499898940324783, 25.545757729560137, 25.532850064337254, 25.512197986245155, 25.522773154079914, 25.528252124786377, 25.650527328252792, 25.505867786705494, 25.523054879158735, 25.508631952106953, 25.524235796183348]",0.8665122659876943,9453.991964744257,27.009107172489166,25.55671083410421,0.2729208109148429,25.50829762282471,0.043471265327730685,25.503043783828616,25.585695332847536,25.44257277622819,25.650527328252792,15.764001369476318,16.076171875,14.784740924835205,16.076171875,1.3113861083984375,1.3113861083984375,1.3113861083984375,0.0,0.43915557861328125,0.43915557861328125,0.43915557861328125,1.0,5,ok,
layer_offload,8192,32,31,"[220, 16, 15, 15, 4, 220, 16, 15, 15, 4, 220, 16, 15, 15, 4, 220, 16, 15, 15, 4, 220, 16, 15, 15, 4, 220, 16, 15, 15, 4, 220, 16]","[48.0217719450593, 46.97047499939799, 46.90307332202792, 46.94875190034509, 46.95969866588712, 46.996905002743006, 46.95560224354267, 46.95340897887945, 46.94300377741456, 46.97056487202644, 46.94386478513479, 46.969533897936344, 46.937705017626286, 46.97320889681578, 46.99787590652704, 46.94800078868866, 46.94929299876094, 46.944284811615944, 46.968571841716766, 46.958626713603735, 46.95961810648441, 46.99783632531762, 46.948781702667475, 46.97663430124521, 46.96960374712944, 46.9740997068584, 46.97431996464729, 46.96312407031655, 46.97969788685441, 49.0864678286016, 47.05343022942543]",0.8808294930495322,9300.324369973536,48.0217719450593,47.06767210436444,0.4206990708666755,47.03586877634128,0.38814240146467144,46.96584795601666,47.028430784121156,46.90307332202792,49.0864678286016,15.357751369476318,16.076171875,14.376953601837158,16.115234375,2.5803260803222656,2.5803260803222656,2.5803260803222656,0.4077873229980469,0.031368255615234375,0.43915557861328125,0.43915557861328125,1.0,1,ok,
layer_offload,8192,32,31,"[220, 16, 15, 15, 4, 220, 16, 15, 15, 4, 220, 16, 15, 15, 4, 220, 16, 15, 15, 4, 220, 16, 15, 15, 4, 220, 16, 15, 15, 4, 220, 16]","[47.9011288844049, 46.9491733238101, 46.928251162171364, 46.96359531953931, 46.97353905066848, 46.951997093856335, 46.9831726513803, 46.9656172208488, 46.97645315900445, 46.942262910306454, 46.98303388431668, 46.95412004366517, 47.01236775144935, 46.9472985714674, 46.97714373469353, 46.979659236967564, 46.98211187496781, 47.00292367488146, 46.97019373998046, 47.01327905058861, 46.998617239296436, 47.00317420065403, 47.013129107654095, 46.984925866127014, 46.99996905401349, 46.97517119348049, 47.02173080295324, 46.9591268338263, 46.991245821118355, 47.01302805915475, 47.01840691268444]",0.8807953130453825,9300.685276895781,47.9011288844049,47.01083378806229,0.1670546693236303,46.98115728485087,0.025032167186420377,46.98088555596769,47.016099374741316,46.928251162171364,47.02173080295324,15.357751369476318,16.076171875,14.376953601837158,16.115234375,2.5803260803222656,2.5803260803222656,2.5803260803222656,0.4077873229980469,0.031368255615234375,0.43915557861328125,0.43915557861328125,1.0,2,ok,
layer_offload,8192,32,31,"[220, 16, 15, 15, 4, 220, 16, 15, 15, 4, 220, 16, 15, 15, 4, 220, 16, 15, 15, 4, 220, 16, 15, 15, 4, 220, 16, 15, 15, 4, 220, 16]","[47.92548529803753, 46.90957302227616, 46.94565711542964, 46.950232703238726, 46.957273967564106, 46.960679814219475, 49.86901907250285, 46.98999272659421, 46.98317311704159, 46.93768406286836, 46.960108913481236, 46.969742979854345, 46.9419308938086, 46.99305770918727, 47.0224330201745, 46.94144008681178, 46.97427013888955, 46.973939053714275, 46.93702282384038, 46.959427651017904, 46.95913661271334, 46.945656184107065, 47.0218607224524, 46.987969893962145, 46.98995314538479, 46.989483293145895, 46.989473048597574, 47.011274844408035, 46.99636297300458, 47.0691230148077, 46.99296783655882]",0.8816548641771078,9291.617766603034,47.92548529803753,47.09856147547403,0.5426859767661978,47.07099734805524,0.529431889384717,46.97410459630191,47.04811251722276,46.90957302227616,49.86901907250285,15.357751369476318,16.076171875,14.376953601837158,16.115234375,2.5803260803222656,2.5803260803222656,2.5803260803222656,0.4077873229980469,0.031368255615234375,0.43915557861328125,0.43915557861328125,1.0,3,ok,
layer_offload,8192,32,31,"[220, 16, 15, 15, 4, 220, 16, 15, 15, 4, 220, 16, 15, 15, 4, 220, 16, 15, 15, 4, 220, 16, 15, 15, 4, 220, 16, 15, 15, 4, 220, 16]","[48.063083086162806, 46.89306719228625, 46.90769873559475, 46.93167610093951, 46.924113761633635, 46.96402419358492, 46.96871107444167, 46.97667295113206, 46.92974220961332, 46.95726418867707, 47.2528301179409, 47.150105237960815, 46.970013063400984, 46.960458625108004, 46.95236589759588, 46.947999857366085, 46.9707939773798, 46.97911674156785, 46.97457002475858, 46.95306671783328, 46.98732867836952, 46.96292337030172, 46.98149021714926, 46.96866124868393, 46.971994917839766, 47.00495535507798, 46.99153499677777, 46.978896018117666, 47.019777819514275, 46.994409058243036, 47.010724898427725]",0.8822887232527137,9284.94242768823,48.063083086162806,47.01613130108003,0.20532835634519564,46.98123290824393,0.0675040337538803,46.97040352039039,47.09145789965987,46.89306719228625,47.2528301179409,15.357751369476318,16.076171875,14.376953601837158,16.115234375,2.5803260803222656,2.5803260803222656,2.5803260803222656,0.4077873229980469,0.031368255615234375,0.43915557861328125,0.43915557861328125,1.0,4,ok,
layer_offload,8192,32,31,"[220, 16, 15, 15, 4, 220, 16, 15, 15, 4, 220, 16, 15, 15, 4, 220, 16, 15, 15, 4, 220, 16, 15, 15, 4, 220, 16, 15, 15, 4, 220, 16]","[47.91334690526128, 46.97647178545594, 46.9343988224864, 46.95172514766455, 46.95005202665925, 46.98492493480444, 47.00441472232342, 46.95560084655881, 46.95914592593908, 46.98135983198881, 46.96979187428951, 46.99842631816864, 46.969521790742874, 46.96755902841687, 46.98723880574107, 46.976612880825996, 46.98085878044367, 46.99491010978818, 46.95509001612663, 47.03678283840418, 47.45180997997522, 46.96739884093404, 47.00563568621874, 46.97899613529444, 46.98800994083285, 46.99404910206795, 47.052797861397266, 46.99883610010147, 47.01379779726267, 46.99335712939501, 47.0020710490644]",0.8835316631011665,9271.880501991694,47.91334690526128,47.028870742407534,0.18605766463754694,46.99938820364574,0.08908518815304581,46.983142383396626,47.04559110105038,46.9343988224864,47.45180997997522,15.357751369476318,16.076171875,14.376953601837158,16.115234375,2.5803260803222656,2.5803260803222656,2.5803260803222656,0.4077873229980469,0.031368255615234375,0.43915557861328125,0.43915557861328125,1.0,5,ok,
standard,16384,32,31,"[198, 220, 16, 15, 15, 4, 220, 16, 15, 15, 4, 220, 16, 15, 15, 4, 220, 16, 15, 15, 4, 220, 16, 15, 15, 4, 220, 16, 15, 15, 4, 220]","[36.62220388650894, 34.91892199963331, 34.85675808042288, 34.92397861555219, 34.90082500502467, 34.92458118125796, 34.87035911530256, 34.907164983451366, 34.884180407971144, 34.91333406418562, 34.893624018877745, 35.10417230427265, 34.90568185225129, 34.90390023216605, 34.86944688484073, 34.90409906953573, 34.89183075726032, 34.922707825899124, 34.886003006249666, 34.912952687591314, 34.90078495815396, 34.929318353533745, 34.88678392022848, 34.921917133033276, 34.91728939116001, 34.92190595716238, 34.889406990259886, 34.93941295892, 34.92937795817852, 34.94472103193402, 34.893703646957874]",1.9173556920140982,8545.10202162298,36.62220388650894,34.96746284767024,0.30984925389337725,34.91230481304228,0.041835735842460524,34.90642341785133,34.94233239907771,34.85675808042288,35.10417230427265,17.29018545150757,17.798828125,15.331462383270264,17.798828125,1.3124809265136719,1.3124809265136719,1.3124809265136719,0.0,0.8766555786132812,0.8766555786132812,0.8766555786132812,1.0,1,ok,
standard,16384,32,31,"[198, 220, 16, 15, 15, 4, 220, 16, 15, 15, 4, 220, 16, 15, 15, 4, 220, 16, 15, 15, 4, 220, 16, 15, 15, 4, 220, 16, 15, 15, 4, 220]","[36.66831273585558, 34.93490628898144, 34.86648295074701, 34.938923083245754, 34.9065437912941, 34.93701899424195, 34.87075911834836, 34.921586047858, 34.90109508857131, 34.92703381925821, 34.87140964716673, 34.93071999400854, 34.879342187196016, 34.91793991997838, 34.86875584349036, 34.94367888197303, 34.901405684649944, 34.91820069029927, 34.8909399472177, 34.92400981485844, 34.88450916483998, 34.938761964440346, 34.89471506327391, 34.93428463116288, 34.91068910807371, 34.93092022836208, 34.88447004929185, 34.92540214210749, 34.91835109889507, 34.92706501856446, 34.91387516260147]",1.9181489800103009,8541.568027688869,36.66831273585558,34.967164779382365,0.31659430518879306,34.91045984749993,0.02391852083744488,34.918070305138826,34.93885057978332,34.86648295074701,34.94367888197303,17.29018545150757,17.798828125,15.331462383270264,17.798828125,1.3124809265136719,1.3124809265136719,1.3124809265136719,0.0,0.8766555786132812,0.8766555786132812,0.8766555786132812,1.0,2,ok,
standard,16384,32,31,"[198, 220, 16, 15, 15, 4, 220, 16, 15, 15, 4, 220, 16, 15, 15, 4, 220, 16, 15, 15, 4, 220, 16, 15, 15, 4, 220, 16, 15, 15, 4, 220]","[37.00464032590389, 34.927514847368, 34.86354881897569, 34.97110027819872, 34.914624877274036, 34.96151603758335, 34.87735940143466, 34.91584677249193, 34.895867109298706, 34.93087878450751, 34.873703960329294, 34.94043368846178, 34.904148895293474, 34.93638802319765, 34.887153189629316, 34.91140017285943, 34.92288803681731, 34.95981311425567, 34.88217480480671, 34.95897212997079, 34.90296797826886, 34.9472351372242, 34.91230122745037, 34.96144479140639, 34.916709177196026, 34.91125022992492, 34.899030812084675, 34.95608689263463, 34.90997804328799, 34.94807472452521, 34.93495471775532]",1.9198986319825053,8533.78388164261,37.00464032590389,34.98838732259408,0.3752960514816629,34.92117888915042,0.029141988073525606,34.91627797484398,34.96148397680372,34.86354881897569,34.97110027819872,17.29018545150757,17.798828125,15.331462383270264,17.798828125,1.3124809265136719,1.3124809265136719,1.3124809265136719,0.0,0.8766555786132812,0.8766555786132812,0.8766555786132812,1.0,3,ok,
standard,16384,32,31,"[198, 220, 16, 15, 15, 4, 220, 16, 15, 15, 4, 220, 16, 15, 15, 4, 220, 16, 15, 15, 4, 220, 16, 15, 15, 4, 220, 16, 15, 15, 4, 220]","[36.78534785285592, 34.919342026114464, 34.87911121919751, 34.97995296493173, 34.91145884618163, 34.9671239964664, 34.87760899588466, 34.930889029055834, 34.89284170791507, 34.937439020723104, 34.861203748732805, 34.94552103802562, 34.88053334876895, 34.91295222193003, 34.86253600567579, 34.950198605656624, 34.87197030335665, 34.912191331386566, 34.872300922870636, 34.91570567712188, 34.87568628042936, 34.93034793063998, 34.88584095612168, 34.94130400940776, 34.89347314462066, 34.905861131846905, 34.88321742042899, 34.94978789240122, 34.91272125393152, 34.94337806478143, 34.936408046633005]",1.9207416460849345,8530.038401258003,36.78534785285592,34.97175016109982,0.3380983561895729,34.911296904707946,0.032451810399655966,34.912456292659044,34.959507570602,34.861203748732805,34.97995296493173,17.29018545150757,17.798828125,15.331462383270264,17.798828125,1.3124809265136719,1.3124809265136719,1.3124809265136719,0.0,0.8766555786132812,0.8766555786132812,0.8766555786132812,1.0,4,ok,
standard,16384,32,31,"[198, 220, 16, 15, 15, 4, 220, 16, 15, 15, 4, 220, 16, 15, 15, 4, 220, 16, 15, 15, 4, 220, 16, 15, 15, 4, 220, 16, 15, 15, 4, 220]","[36.822885274887085, 34.92829483002424, 34.8720196634531, 34.935405012220144, 34.89870112389326, 34.95314298197627, 34.87532492727041, 34.91291217505932, 34.909776877611876, 34.935705829411745, 34.88062275573611, 34.92995770648122, 34.89073924720287, 34.91424396634102, 34.87927094101906, 34.93630699813366, 34.91566609591246, 34.91688799113035, 34.88215524703264, 34.91472499445081, 34.896956756711006, 34.93920108303428, 34.90222571417689, 34.93395308032632, 34.917308017611504, 34.95458420366049, 34.89966178312898, 34.97663699090481, 34.92911625653505, 34.94357783347368, 34.91153009235859]",1.922314359806478,8523.059673574617,36.822885274887085,34.9777256919732,0.34337191475198264,34.91622037254274,0.02561461008679108,34.91519554518163,34.95393565390259,34.8720196634531,34.97663699090481,17.29018545150757,17.798828125,15.331462383270264,17.798828125,1.3124809265136719,1.3124809265136719,1.3124809265136719,0.0,0.8766555786132812,0.8766555786132812,0.8766555786132812,1.0,5,ok,
layer_offload,16384,32,31,"[198, 220, 16, 15, 15, 4, 220, 16, 15, 15, 4, 220, 16, 15, 15, 4, 220, 16, 15, 15, 4, 220, 16, 15, 15, 4, 220, 16, 15, 15, 4, 220]","[78.71827110648155, 77.098716981709, 77.04987190663815, 77.14471500366926, 77.13504089042544, 77.15864712372422, 77.05187518149614, 77.13230699300766, 77.14003883302212, 77.18708971515298, 77.08815019577742, 77.17321859672666, 77.15328922495246, 77.17468123883009, 77.10409397259355, 77.2121069021523, 77.19743484631181, 77.17645261436701, 77.17705378308892, 77.18052016571164, 77.13586185127497, 77.22584810107946, 77.14780978858471, 77.18659890815616, 77.22432492300868, 77.5670032016933, 77.49590510502458, 77.19394005835056, 77.21460098400712, 77.21146568655968, 77.20112102106214]",1.9499744167551398,8402.161515156613,78.71827110648155,77.23413080337548,0.29432838708533676,77.1846594599386,0.105500633987377,77.17556692659855,77.37437945324928,77.04987190663815,77.5670032016933,16.47768545150757,17.220703125,14.517425060272217,17.353515625,3.844463348388672,3.844463348388672,3.844463348388672,0.8140373229980469,0.06261825561523438,0.8766555786132812,0.8766555786132812,1.0,1,ok,
layer_offload,16384,32,31,"[198, 220, 16, 15, 15, 4, 220, 16, 15, 15, 4, 220, 16, 15, 15, 4, 220, 16, 15, 15, 4, 220, 16, 15, 15, 4, 220, 16, 15, 15, 4, 220]","[79.25907569006085, 77.08449428901076, 77.08033779636025, 77.12177000939846, 77.1390157751739, 77.17026397585869, 77.12352322414517, 77.1646648645401, 77.18122005462646, 77.20901118591428, 77.10611587390304, 77.15800497680902, 77.11602235212922, 77.13839504867792, 77.15783501043916, 77.14428380131721, 77.17632176354527, 77.1958022378385, 77.6000521145761, 77.42903288453817, 77.19311816617846, 77.22915103659034, 77.23581185564399, 77.22999295219779, 77.16203993186355, 77.25939713418484, 77.15489994734526, 77.21708388999104, 77.20078993588686, 77.35125673934817, 77.2278499789536]",1.94935545604676,8404.82937535995,79.25907569006085,77.26505272571117,0.3841845257116329,77.19858529356618,0.10492482127297915,77.17329286970198,77.39403361920267,77.08033779636025,77.6000521145761,16.47768545150757,17.220703125,14.517425060272217,17.353515625,3.844463348388672,3.844463348388672,3.844463348388672,0.8140373229980469,0.06261825561523438,0.8766555786132812,0.8766555786132812,1.0,2,ok,
layer_offload,16384,32,31,"[198, 220, 16, 15, 15, 4, 220, 16, 15, 15, 4, 220, 16, 15, 15, 4, 220, 16, 15, 15, 4, 220, 16, 15, 15, 4, 220, 16, 15, 15, 4, 220]","[79.0815968066454, 77.11772294715047, 77.08362117409706, 77.18285219743848, 77.15197512879968, 77.19470886513591, 77.09501776844263, 77.19728304073215, 77.2971143014729, 77.16242130845785, 77.08274060860276, 77.1408979780972, 77.1619500592351, 77.1966022439301, 77.10728794336319, 77.1781038492918, 77.15083286166191, 77.44434569031, 77.17388775199652, 77.20083836466074, 77.1798468194902, 77.22918130457401, 77.14901026338339, 77.22948212176561, 77.20198994502425, 77.2375138476491, 77.19264598563313, 77.20046723261476, 77.19134399667382, 77.21553090959787, 77.17971689999104]",1.9491478470154107,8405.724596565435,79.0815968066454,77.24543645857803,0.3473098389163535,77.18423111364245,0.06819244446158818,77.18134950846434,77.27029409725219,77.08274060860276,77.44434569031,16.47768545150757,17.220703125,14.517425060272217,17.353515625,3.844463348388672,3.844463348388672,3.844463348388672,0.8140373229980469,0.06261825561523438,0.8766555786132812,0.8766555786132812,1.0,3,ok,
layer_offload,16384,32,31,"[198, 220, 16, 15, 15, 4, 220, 16, 15, 15, 4, 220, 16, 15, 15, 4, 220, 16, 15, 15, 4, 220, 16, 15, 15, 4, 220, 16, 15, 15, 4, 220]","[78.70396599173546, 77.1294399164617, 77.0610561594367, 77.11721118539572, 77.12937006726861, 77.19382783398032, 77.08026608452201, 77.16247905045748, 77.1388141438365, 77.21239514648914, 77.100467402488, 77.15222518891096, 77.14654598385096, 77.23438879474998, 77.16477289795876, 77.19906372949481, 77.15766225010157, 77.21017207950354, 77.15062098577619, 77.22938992083073, 77.14900886639953, 77.1941370330751, 77.14725704863667, 77.18778774142265, 77.14474201202393, 77.20944099128246, 77.17893505468965, 77.2076970897615, 77.18502264469862, 77.17999629676342, 77.16316124424338]",1.9511785660870373,8396.976209541423,78.70396599173546,77.21359099471762,0.2796339975021457,77.16391182815035,0.04176987749415619,77.16282014735043,77.22174227237701,77.0610561594367,77.23438879474998,16.47768545150757,17.220703125,14.517425060272217,17.353515625,3.844463348388672,3.844463348388672,3.844463348388672,0.8140373229980469,0.06261825561523438,0.8766555786132812,0.8766555786132812,1.0,4,ok,
layer_offload,16384,32,31,"[198, 220, 16, 15, 15, 4, 220, 16, 15, 15, 4, 220, 16, 15, 15, 4, 220, 16, 15, 15, 4, 220, 16, 15, 15, 4, 220, 16, 15, 15, 4, 220]","[78.94262624904513, 77.06233719363809, 77.05480698496103, 77.15219398960471, 77.11956417188048, 77.14976975694299, 77.10130605846643, 77.17815227806568, 77.13823206722736, 77.23274501040578, 77.1430591121316, 77.14336039498448, 77.11075013503432, 77.19555776566267, 77.52123987302184, 77.3576027713716, 77.15571904554963, 77.20439182594419, 77.20644492655993, 77.20757694914937, 77.18607410788536, 77.25964486598969, 77.15696934610605, 77.18381099402905, 77.20726635307074, 77.22237892448902, 77.1952080540359, 77.21190294250846, 77.30613509193063, 77.2371906787157, 77.15958403423429]",1.9514083778485656,8395.987321763687,78.94262624904513,77.24850328879491,0.3263763366154306,77.19203252345324,0.08904171213151799,77.1849425509572,77.33444231562316,77.05480698496103,77.52123987302184,16.47768545150757,17.220703125,14.517425060272217,17.353515625,3.844463348388672,3.844463348388672,3.844463348388672,0.8140373229980469,0.06261825561523438,0.8766555786132812,0.8766555786132812,1.0,5,ok,
standard,32768,32,31,"[82, 220, 16, 15, 15, 4, 220, 16, 15, 15, 4, 220, 16, 15, 15, 4, 220, 16, 15, 15, 4, 220, 16, 15, 15, 4, 220, 16, 15, 15, 4, 220]","[55.15610380098224, 52.27505788207054, 52.02607112005353, 52.22751619294286, 52.10524098947644, 52.250959910452366, 52.04768432304263, 52.30554286390543, 52.53692204132676, 52.25907312706113, 52.03400319442153, 52.29363590478897, 52.13139019906521, 52.2586633451283, 52.05170996487141, 52.31133196502924, 52.15661879628897, 52.27411491796374, 52.07853997126222, 52.30720480903983, 52.21014888957143, 52.33832215890288, 52.12389910593629, 52.38180793821812, 52.2040999494493, 52.25888220593333, 52.066692151129246, 52.251831628382206, 52.17384407296777, 52.297421265393496, 52.06781392917037]",4.534328332170844,7226.649152756009,55.15610380098224,52.30523060045896,0.5421249262952579,52.21020149377485,0.12014203266047634,52.23923805169761,52.36223933752626,52.02607112005353,52.53692204132676,20.34572744369507,21.462890625,16.425578594207764,21.462890625,1.3065185546875,1.3065185546875,1.3065185546875,0.0,1.7516555786132812,1.7516555786132812,1.7516555786132812,1.0,1,ok,
standard,32768,32,31,"[82, 220, 16, 15, 15, 4, 220, 16, 15, 15, 4, 220, 16, 15, 15, 4, 220, 16, 15, 15, 4, 220, 16, 15, 15, 4, 220, 16, 15, 15, 4, 220]","[55.31580466777086, 52.34883679077029, 52.01144935563207, 52.23923223093152, 52.244890946894884, 52.2834793664515, 52.04653227701783, 52.287244237959385, 52.200243808329105, 52.212591748684645, 52.07771807909012, 52.292832639068365, 52.14575072750449, 52.26394021883607, 52.024667616933584, 52.29264311492443, 52.14223498478532, 52.248275838792324, 52.09799902513623, 52.2984410636127, 52.15402273461223, 52.492784801870584, 52.038188092410564, 52.22874600440264, 52.20191506668925, 52.25458601489663, 52.07969108596444, 52.23022773861885, 52.19546612352133, 52.255996968597174, 52.054672967642546]",4.544360451865941,7210.695618686072,55.31580466777086,52.29874536575329,0.5703420101853305,52.198176722352706,0.11027111800459512,52.22066887654364,52.326158713549376,52.01144935563207,52.492784801870584,20.34572744369507,21.462890625,16.425578594207764,21.462890625,1.3065185546875,1.3065185546875,1.3065185546875,0.0,1.7516555786132812,1.7516555786132812,1.7516555786132812,1.0,2,ok,
standard,32768,32,31,"[82, 220, 16, 15, 15, 4, 220, 16, 15, 15, 4, 220, 16, 15, 15, 4, 220, 16, 15, 15, 4, 220, 16, 15, 15, 4, 220, 16, 15, 15, 4, 220]","[55.31270895153284, 52.30572121217847, 52.05659568309784, 52.26542102172971, 52.152881398797035, 52.2612240165472, 52.086940966546535, 52.363418973982334, 52.158438600599766, 52.249557338654995, 52.02532885596156, 52.27244086563587, 52.12626000866294, 52.255294751375914, 52.05611512064934, 52.281325217336416, 52.17257095500827, 52.28852620348334, 52.078228909522295, 52.304879762232304, 52.15183878317475, 52.309256978332996, 52.11881920695305, 52.29350319132209, 52.206391002982855, 52.264380268752575, 52.07668570801616, 52.252089604735374, 52.19567473977804, 52.49024974182248, 52.16025188565254]",4.556803350802511,7191.005948112538,55.31270895153284,52.30945225564703,0.5670617332046861,52.209343699117504,0.1061176646638138,52.227974170818925,52.33904607594013,52.02532885596156,52.49024974182248,20.34572744369507,21.462890625,16.425578594207764,21.462890625,1.3065185546875,1.3065185546875,1.3065185546875,0.0,1.7516555786132812,1.7516555786132812,1.7516555786132812,1.0,3,ok,
standard,32768,32,31,"[82, 220, 16, 15, 15, 4, 220, 16, 15, 15, 4, 220, 16, 15, 15, 4, 220, 16, 15, 15, 4, 220, 16, 15, 15, 4, 220, 16, 15, 15, 4, 220]","[55.20129995420575, 52.285670302808285, 52.02679010108113, 52.239771001040936, 52.12746188044548, 52.242746111005545, 52.032859064638615, 52.26037232205272, 52.14784201234579, 52.20275558531284, 52.03406000509858, 52.23482381552458, 52.13335109874606, 52.251709159463644, 52.04401584342122, 52.26920498535037, 52.11389111354947, 53.83417708799243, 52.29986226186156, 52.27316217496991, 52.172038704156876, 52.318701054900885, 52.09231888875365, 52.30030231177807, 52.20011109486222, 52.2249392233789, 52.07872809842229, 52.236777264624834, 52.165858913213015, 52.31474386528134, 52.080259658396244]",4.562542323954403,7181.960773922121,55.20129995420575,52.33679370834462,0.6150385446984126,52.241310166815914,0.31454746422598356,52.21384740434587,52.31692031957209,52.02679010108113,53.83417708799243,20.34572744369507,21.462890625,16.425578594207764,21.462890625,1.3065185546875,1.3065185546875,1.3065185546875,0.0,1.7516555786132812,1.7516555786132812,1.7516555786132812,1.0,4,ok,
standard,32768,32,31,"[82, 220, 16, 15, 15, 4, 220, 16, 15, 15, 4, 220, 16, 15, 15, 4, 220, 16, 15, 15, 4, 220, 16, 15, 15, 4, 220, 16, 15, 15, 4, 220]","[54.719082079827785, 52.30148322880268, 52.05123592168093, 52.21344064921141, 52.1554839797318, 52.23522335290909, 52.04170197248459, 52.30744183063507, 52.153178956359625, 52.284668199718, 52.41488432511687, 52.245388738811016, 52.11679497733712, 52.26613022387028, 52.0370346494019, 52.312249317765236, 52.125268150120974, 52.2464900277555, 52.083134185522795, 52.28037107735872, 52.15273890644312, 52.325048949569464, 52.08276305347681, 52.250787150114775, 52.18998622149229, 52.316857036203146, 52.069041877985, 52.25833831354976, 52.203215193003416, 52.257707342505455, 52.05521173775196]",4.565978822764009,7176.555405082658,54.719082079827785,52.28233489117795,0.463205520949659,52.20110998488963,0.10189907375100402,52.22433200106025,52.32136258855462,52.0370346494019,52.41488432511687,20.34572744369507,21.462890625,16.425578594207764,21.462890625,1.3065185546875,1.3065185546875,1.3065185546875,0.0,1.7516555786132812,1.7516555786132812,1.7516555786132812,1.0,5,ok,
layer_offload,32768,32,31,"[82, 220, 16, 15, 15, 4, 220, 16, 15, 15, 4, 220, 16, 15, 15, 4, 220, 16, 15, 15, 4, 220, 16, 15, 15, 4, 220, 16, 15, 15, 4, 220]","[138.2482391782105, 135.9290797263384, 135.70085633546114, 135.92677703127265, 135.7941059395671, 135.87111234664917, 135.7108000665903, 135.8769009821117, 135.7987029477954, 135.94486424699426, 135.6943561695516, 135.93863369897008, 136.27002388238907, 135.95558889210224, 135.738180950284, 136.00109796971083, 135.84452215582132, 136.03172404691577, 135.7489670626819, 135.99117333069444, 135.8424578793347, 135.97023114562035, 135.77774027362466, 135.95728063955903, 135.85767103359103, 135.9948879107833, 135.7911811210215, 136.04328082874417, 135.89389622211456, 136.03194383904338, 135.7816061936319]",4.588424725923687,7141.448744896547,138.2482391782105,135.96638335636067,0.44167640448532774,135.89032149563232,0.12756515535193516,135.88539860211313,136.03817918337882,135.6943561695516,136.27002388238907,18.72072744369507,20.306640625,14.799041271209717,20.564453125,6.372661590576172,6.372661590576172,6.372661590576172,1.6265373229980469,0.12511825561523438,1.7516555786132812,1.7516555786132812,1.0,1,ok,
layer_offload,32768,32,31,"[82, 220, 16, 15, 15, 4, 220, 16, 15, 15, 4, 220, 16, 15, 15, 4, 220, 16, 15, 15, 4, 220, 16, 15, 15, 4, 220, 16, 15, 15, 4, 220]","[138.28235818073153, 135.8733531087637, 135.71738731116056, 135.86621219292283, 135.77735796570778, 135.90549118816853, 135.7252188026905, 135.96347905695438, 135.84367791190743, 135.92960825189948, 135.99106995388865, 135.97530592232943, 135.7751153409481, 135.98739402368665, 135.67319978028536, 135.97862096503377, 135.88432781398296, 135.95842011272907, 135.7677630148828, 135.9097259119153, 135.77128807082772, 136.0496492125094, 135.7789090834558, 135.96898596733809, 135.83881966769695, 135.97265211865306, 135.78646024689078, 135.99197985604405, 135.86739264428616, 136.03356387466192, 135.74356585741043]",4.591002674307674,7137.438665278371,138.28235818073153,135.95446301323753,0.444250816962387,135.8768665076544,0.10521426577409464,135.87884046137333,136.01485106628388,135.67319978028536,136.0496492125094,18.72072744369507,20.306640625,14.799041271209717,20.564453125,6.372661590576172,6.372661590576172,6.372661590576172,1.6265373229980469,0.12511825561523438,1.7516555786132812,1.7516555786132812,1.0,2,ok,
layer_offload,32768,32,31,"[82, 220, 16, 15, 15, 4, 220, 16, 15, 15, 4, 220, 16, 15, 15, 4, 220, 16, 15, 15, 4, 220, 16, 15, 15, 4, 220, 16, 15, 15, 4, 220]","[138.32151424139738, 135.91648591682315, 135.7100633904338, 135.87738573551178, 135.80817077308893, 135.91122720390558, 135.7033927924931, 135.89742593467236, 135.74564782902598, 135.88494760915637, 135.73743402957916, 136.0038360580802, 135.81692520529032, 135.9538109973073, 135.76534623280168, 135.97768684849143, 135.7747414149344, 136.01011596620083, 135.80122031271458, 135.87707513943315, 135.83066500723362, 135.91079507023096, 135.75499085709453, 135.96150232478976, 135.80560591071844, 136.0087632201612, 135.8301341533661, 135.9832650050521, 135.85495110601187, 136.02477684617043, 135.75881579890847]",4.59136741515249,7136.871663082032,138.32151424139738,135.94253932035738,0.4518427165221454,135.86324015632272,0.09767695114918175,135.8660131227225,136.009507230483,135.7033927924931,136.02477684617043,18.72072744369507,20.306640625,14.799041271209717,20.564453125,6.372661590576172,6.372661590576172,6.372661590576172,1.6265373229980469,0.12511825561523438,1.7516555786132812,1.7516555786132812,1.0,3,ok,
layer_offload,32768,32,31,"[82, 220, 16, 15, 15, 4, 220, 16, 15, 15, 4, 220, 16, 15, 15, 4, 220, 16, 15, 15, 4, 220, 16, 15, 15, 4, 220, 16, 15, 15, 4, 220]","[138.50048137828708, 135.95598237589002, 135.6838010251522, 135.8571220189333, 135.7563203200698, 135.9006892889738, 135.6824990361929, 135.88903099298477, 135.7377520762384, 135.89918613433838, 135.73805196210742, 135.9524861909449, 135.7589140534401, 135.96795871853828, 135.73495671153069, 135.9363617375493, 135.81870403140783, 135.9200868755579, 135.78146789222956, 136.00649684667587, 135.76235761865973, 135.9328362159431, 135.7714026235044, 135.9727862291038, 135.86700707674026, 136.0034616664052, 135.78449236229062, 135.9821199439466, 135.86325105279684, 136.01361820474267, 135.77156327664852]",4.590348439756781,7138.455921166675,138.50048137828708,135.94204019154273,0.4855508728050778,135.85675881865123,0.10322069084810417,135.86512906476855,136.00513101555407,135.6824990361929,136.01361820474267,18.72072744369507,20.306640625,14.799041271209717,20.564453125,6.372661590576172,6.372661590576172,6.372661590576172,1.6265373229980469,0.12511825561523438,1.7516555786132812,1.7516555786132812,1.0,4,ok,
layer_offload,32768,32,31,"[82, 220, 16, 15, 15, 4, 220, 16, 15, 15, 4, 220, 16, 15, 15, 4, 220, 16, 15, 15, 4, 220, 16, 15, 15, 4, 220, 16, 15, 15, 4, 220]","[137.93880073353648, 135.89091133326292, 135.7293571345508, 135.84750518202782, 135.7532530091703, 135.93919295817614, 135.7074840925634, 135.91530825942755, 135.77774912118912, 135.900414083153, 135.74166502803564, 135.94009401276708, 135.83688903599977, 135.9592229127884, 135.72826515883207, 136.00241905078292, 135.79101907089353, 135.96243783831596, 135.78177522867918, 135.91609755530953, 135.8075551688671, 135.92958776280284, 135.7277543283999, 135.99309418350458, 135.8207343146205, 135.96909772604704, 135.7550248503685, 135.94683399423957, 135.82778489217162, 136.0320532694459, 135.74982713907957]",4.590729560237378,7137.8632894911,137.93880073353648,135.9232002719035,0.3863799969679486,135.85601358984908,0.09836917329876599,135.8421971090138,135.99822286050767,135.7074840925634,136.0320532694459,18.72072744369507,20.306640625,14.799041271209717,20.564453125,6.372661590576172,6.372661590576172,6.372661590576172,1.6265373229980469,0.12511825561523438,1.7516555786132812,1.7516555786132812,1.0,5,ok,
