status,generated_token_ids,step_top1_ids,prefill_wall_ms,prefill_cuda_ms,time_to_first_token_wall_ms,time_to_first_token_cuda_ms,prefill_tokens_per_second,decode_step_wall_ms,decode_step_cuda_ms,decode_step_h2d_event_ms,decode_first_step_wall_ms,decode_first_step_cuda_ms,decode_steady_wall_mean_ms,decode_steady_cuda_mean_ms,decode_steady_cuda_p50_ms,decode_steady_cuda_p95_ms,decode_steady_tokens_per_second,prefill_peak_gpu_allocated_gib,prefill_peak_gpu_reserved_gib,decode_peak_gpu_allocated_gib,decode_peak_gpu_reserved_gib,cpu_rss_before_gib,cpu_rss_after_gib,cpu_rss_delta_gib,cache_gpu_gib,cache_cpu_gib,cache_total_gib,cache_ratio,theoretical_cache_gib,staging_gpu_gib,h2d_group_transfers,h2d_gib,d2h_gib,async_prefetch_groups,async_h2d_event_total_ms,h2d_event_timing_available,async_d2h_append_calls,non_blocking_d2h_tensor_copies,blocking_d2h_tensor_copies,dedicated_transfer_stream_enabled,dedicated_d2h_stream_enabled,generated_tokens,decode_forward_steps,method,family,resident_kv_heads_r,kv_group_size_g,sequence_length,trial,is_warmup,round_order_position,decode_tokens,same_generated_sequence_as_standard,all_step_top1_equal_as_standard
ok,"[220, 16, 15, 15, 4, 220, 16, 15, 15, 4, 220, 16, 15, 15, 4, 220, 16, 15, 15, 4, 220, 16, 15, 15, 4, 220, 16, 15, 15, 4, 220, 16]","[220, 16, 15, 15, 4, 220, 16, 15, 15, 4, 220, 16, 15, 15, 4, 220, 16, 15, 15, 4, 220, 16, 15, 15, 4, 220, 16, 15, 15, 4, 220, 16]",4846.428562887013,4846.609375,4846.428562887013,4846.609375,845.1269089537467,"[2719.029984436929, 2700.598448049277, 3125.4073278978467, 3498.863602988422, 2900.2980338409543, 2977.901956997812, 3199.443717021495, 3014.8028531111777, 2185.102805029601, 3402.8084711171687, 3314.9137580767274, 3284.154479857534, 3296.014929190278, 3018.179022241384, 2882.3429169133306, 2705.584689974785, 2698.098696768284, 2813.5182433761656, 2482.170202769339, 2818.222444038838, 2985.956090968102, 3014.101707842201, 2787.3258856125176, 2793.5127043165267, 2702.563702594489, 2797.4300258792937, 2401.7565362155437, 2699.7733609750867, 2506.982588674873, 2591.2223462946713, 82.37344678491354]","[2719.12841796875, 2700.6923828125, 3125.53076171875, 3498.986572265625, 2900.4091796875, 2978.0048828125, 3199.564697265625, 2999.585693359375, 2185.177001953125, 3402.92919921875, 3315.0341796875, 3284.281494140625, 3296.1328125, 3018.2880859375, 2882.443115234375, 2705.663818359375, 2698.184814453125, 2813.62109375, 2482.257568359375, 2818.31640625, 2986.062744140625, 3014.202392578125, 2787.4169921875, 2793.61328125, 2702.65576171875, 2797.52392578125, 2401.837158203125, 2699.864013671875, 2507.065185546875, 2591.306884765625, 82.37055969238281]","[0.0, 0.0, 0.0, 0.0, 0.0, 0.0, 0.0, 0.0, 0.0, 0.0, 0.0, 0.0, 0.0, 0.0, 0.0, 0.0, 0.0, 0.0, 0.0, 0.0, 0.0, 0.0, 0.0, 0.0, 0.0, 0.0, 0.0, 0.0, 0.0, 0.0, 0.0]",2719.029984436929,2719.12841796875,2789.3808331806213,2788.9674219767253,2815.96875,3363.376440429687,0.3585556403850835,14.862176418304443,15.03515625,14.34725046157837,15.03515625,0.8120002746582031,1.5444221496582031,0.732421875,0.05510139465332031,0.16530418395996094,0.22040557861328125,1.0,0.22040557861328125,0.0,1736,5.105804443359375,0.16530418395996094,0,0.0,False,0,0,0,False,False,32,31,stagekv_sync_r1,sync,1,2,4096,1,True,0,32,True,True
ok,"[220, 16, 15, 15, 4, 220, 16, 15, 15, 4, 220, 16, 15, 15, 4, 220, 16, 15, 15, 4, 220, 16, 15, 15, 4, 220, 16, 15, 15, 4, 220, 16]","[220, 16, 15, 15, 4, 220, 16, 15, 15, 4, 220, 16, 15, 15, 4, 220, 16, 15, 15, 4, 220, 16, 15, 15, 4, 220, 16, 15, 15, 4, 220, 16]",3119.693591725081,3119.80126953125,3119.693591725081,3119.80126953125,1312.9041391201895,"[2687.2111251577735, 3200.3582972101867, 3305.3284902125597, 2723.666617181152, 2876.0423152707517, 3321.0117258131504, 3500.8758599869907, 3000.683416146785, 3176.5371449291706, 3219.791212119162, 3100.850705988705, 3401.0194852016866, 1808.1158930435777, 2501.841129269451, 2395.6058393232524, 2098.1084280647337, 2218.63576117903, 1990.1181003078818, 2090.4925209470093, 2202.89235888049, 1811.1403826624155, 1887.7361151389778, 2398.5766349360347, 2513.13739689067, 2390.922940801829, 2693.473514635116, 2202.771328855306, 2103.549265768379, 3398.2449863106012, 3299.2923110723495, 141.4137538522482]","[2687.300537109375, 3200.4619140625, 3305.4228515625, 2723.790771484375, 2805.2021484375, 3321.11767578125, 3500.986083984375, 3000.776611328125, 3099.85595703125, 3219.893310546875, 3100.949462890625, 3401.123046875, 1808.1812744140625, 2501.91552734375, 2395.677001953125, 2098.169921875, 2218.70068359375, 1983.0853271484375, 2090.554443359375, 2202.956787109375, 1800.996826171875, 1887.7911376953125, 2398.644287109375, 2502.75732421875, 2390.99169921875, 2693.551513671875, 2202.8330078125, 2103.6083984375, 3398.344482421875, 3299.38818359375, 141.4133758544922]","[0.0, 0.0, 0.0, 0.0, 0.0, 0.0, 0.0, 0.0, 0.0, 0.0, 0.0, 0.0, 0.0, 0.0, 0.0, 0.0, 0.0, 0.0, 0.0, 0.0, 0.0, 0.0, 0.0, 0.0, 0.0, 0.0, 0.0, 0.0, 0.0, 0.0, 0.0]",2687.2111251577735,2687.300537109375,2565.7411310666553,2559.9713678995768,2502.33642578125,3399.872692871094,0.390629368960672,14.895556449890137,15.19140625,14.380156993865967,15.19140625,1.5444221496582031,1.5453987121582031,0.0009765625,0.11020278930664062,0.11020278930664062,0.22040557861328125,1.0,0.22040557861328125,0.0,868,3.40386962890625,0.11020278930664062,0,0.0,False,0,0,0,False,False,32,31,stagekv_sync_r2,sync,2,2,4096,1,True,1,32,True,True
ok,"[220, 16, 15, 15, 4, 220, 16, 15, 15, 4, 220, 16, 15, 15, 4, 220, 16, 15, 15, 4, 220, 16, 15, 15, 4, 220, 16, 15, 15, 4, 220, 16]","[220, 16, 15, 15, 4, 220, 16, 15, 15, 4, 220, 16, 15, 15, 4, 220, 16, 15, 15, 4, 220, 16, 15, 15, 4, 220, 16, 15, 15, 4, 220, 16]",421.73068365082145,421.7231140136719,421.73068365082145,421.7231140136719,9712.533802136375,"[23.522139992564917, 23.315667174756527, 23.34429183974862, 23.495350033044815, 23.379916790872812, 25.87071107700467, 25.747582782059908, 23.22219591587782, 23.214912973344326, 23.300259839743376, 23.221135139465332, 23.456840310245752, 23.489228915423155, 23.353890050202608, 23.487326223403215, 23.497355170547962, 23.40811025351286, 23.444456979632378, 23.452722001820803, 24.133140221238136, 23.84300297126174, 23.81119504570961, 23.821583949029446, 23.834117222577333, 23.789333645254374, 23.629970382899046, 23.763205856084824, 23.825259879231453, 23.736045695841312, 23.816604632884264, 23.731957655400038]","[23.51923179626465, 23.312192916870117, 23.34003257751465, 23.49247932434082, 23.37708854675293, 25.856704711914062, 25.744384765625, 23.219200134277344, 23.211231231689453, 23.296960830688477, 23.213056564331055, 23.453664779663086, 23.48627281188965, 23.350271224975586, 23.48441505432129, 23.49363136291504, 23.40470314025879, 23.440383911132812, 23.449504852294922, 24.128320693969727, 23.83945655822754, 23.806976318359375, 23.818239212036133, 23.830495834350586, 23.78646469116211, 23.626752853393555, 23.758848190307617, 23.821311950683594, 23.732223510742188, 23.813119888305664, 23.72812843322754]","[0.0, 0.0, 0.0, 0.0, 0.0, 0.0, 0.0, 0.0, 0.0, 0.0, 0.0, 0.0, 0.0, 0.0, 0.0, 0.0, 0.0, 0.0, 0.0, 0.0, 0.0, 0.0, 0.0, 0.0, 0.0, 0.0, 0.0, 0.0, 0.0, 0.0, 0.0]",23.522139992564917,23.51923179626465,23.714579020937283,23.71055056254069,23.49305534362793,25.017155933380124,42.17531758118929,15.000550746917725,15.3671875,14.483302593231201,15.3671875,1.5453987121582031,1.5453987121582031,0.0,0.22040557861328125,0.0,0.22040557861328125,1.0,0.22040557861328125,0.0,0,0.0,0.0,0,0.0,False,0,0,0,False,False,32,31,stagekv_sync_r4,sync,4,2,4096,1,True,2,32,True,True
ok,"[220, 16, 15, 15, 4, 220, 16, 15, 15, 4, 220, 16, 15, 15, 4, 220, 16, 15, 15, 4, 220, 16, 15, 15, 4, 220, 16, 15, 15, 4, 220, 16]","[220, 16, 15, 15, 4, 220, 16, 15, 15, 4, 220, 16, 15, 15, 4, 220, 16, 15, 15, 4, 220, 16, 15, 15, 4, 220, 16, 15, 15, 4, 220, 16]",3734.5203910954297,3734.63134765625,3734.5203910954297,3734.63134765625,1096.7615324523356,"[5886.128433980048, 4901.228467002511, 5701.594709884375, 5174.302710685879, 5921.233283355832, 5497.298984788358, 5400.8371043019, 3804.5247946865857, 4299.872518982738, 5016.647804994136, 5406.5716550685465, 5295.2866912819445, 5499.0274887532, 4997.571582905948, 6799.197693821043, 5793.147641699761, 5283.494757954031, 6203.067594207823, 5722.462282050401, 6418.021863792092, 5997.928760014474, 4308.261313010007, 5401.510274969041, 4701.2751759029925, 4793.260890990496, 4098.402564879507, 4613.454616628587, 5077.493240125477, 5603.75305917114, 4904.385577421635, 160.78326385468245]","[5886.298828125, 4901.36669921875, 5701.755859375, 5102.841796875, 5921.40087890625, 5497.4501953125, 5400.9873046875, 3804.627685546875, 4299.98876953125, 5016.7763671875, 5406.71875, 5295.42529296875, 5499.17041015625, 4997.70166015625, 6789.13671875, 5793.2841796875, 5283.6044921875, 6203.2216796875, 5722.6025390625, 6418.18115234375, 5998.07373046875, 4308.361328125, 5401.64013671875, 4701.38623046875, 4793.37158203125, 4098.49658203125, 4613.55224609375, 5077.609375, 5603.880859375, 4904.49609375, 160.78335571289062]","[5471.132902503014, 4776.487836956978, 5475.341876983643, 4715.330665111542, 5631.0390548706055, 5098.1113620996475, 5346.154724121094, 3648.7540531158447, 4169.139605045319, 4782.759991168976, 5360.28046643734, 5172.885766983032, 5283.203824996948, 4849.127232074738, 6650.615123748779, 5647.52887737751, 4788.444913387299, 5966.303330898285, 5406.733076572418, 6365.957387447357, 5588.4597935676575, 4147.336043953896, 5188.444741725922, 4522.962934494019, 4673.373138785362, 3932.7370944023132, 4561.586005091667, 4944.387597680092, 5211.7559814453125, 4753.459648609161, 80.05356752872467]",5886.128433980048,5886.298828125,5093.196612239505,5090.596465047201,5289.514892578125,6321.449389648436,0.19644063458302974,14.780145168304443,15.0078125,14.27266263961792,15.02734375,1.5453987121582031,1.9868049621582031,0.44140625,0.0,0.22040557861328125,0.22040557861328125,1.0,0.22040557861328125,0.007871627807617188,1736,6.8077392578125,0.22040557861328125,1736,152209.8886191845,True,0,0,0,True,False,32,31,stagekv_async_r0,async,0,2,4096,1,True,3,32,True,True
ok,"[220, 16, 15, 15, 4, 220, 16, 15, 15, 4, 220, 16, 15, 15, 4, 220, 16, 15, 15, 4, 220, 16, 15, 15, 4, 220, 16, 15, 15, 4, 220, 16]","[220, 16, 15, 15, 4, 220, 16, 15, 15, 4, 220, 16, 15, 15, 4, 220, 16, 15, 15, 4, 220, 16, 15, 15, 4, 220, 16, 15, 15, 4, 220, 16]",2707.8409967944026,2642.362060546875,2707.8409967944026,2642.362060546875,1550.1282209419378,"[3019.677095115185, 2783.360640052706, 2797.1730739809573, 2401.97747386992, 3113.909229170531, 3076.7448539845645, 3501.1927699670196, 3197.677061893046, 2901.31620131433, 2997.616529930383, 2817.7399202249944, 2802.105396054685, 2717.248404864222, 2978.898444212973, 3098.2868862338364, 2819.788774009794, 3206.083150114864, 3712.3474329710007, 3998.3105729334056, 3697.4044870585203, 3497.449726331979, 3393.09058804065, 3283.830750733614, 3606.1864369548857, 3983.1100180745125, 3589.0077659860253, 3893.0319058708847, 2999.7595231980085, 2989.3160751089454, 3021.720394026488, 79.39308369532228]","[3019.7431640625, 2783.420654296875, 2797.233154296875, 2402.028564453125, 3103.27099609375, 3076.8056640625, 3501.262939453125, 3197.744140625, 2901.375, 2997.677001953125, 2817.790771484375, 2802.15966796875, 2717.3037109375, 2978.951904296875, 3098.347412109375, 2803.6025390625, 3206.14892578125, 3712.419921875, 3998.391357421875, 3697.479736328125, 3497.51904296875, 3393.1591796875, 3283.894287109375, 3599.093017578125, 3983.1826171875, 3589.076904296875, 3893.107666015625, 2999.8017578125, 2916.04296875, 3021.776611328125, 79.3924789428711]","[2757.7794905900955, 2581.676398575306, 2267.1146424412727, 2254.2150324583054, 2705.8345679342747, 2929.1426694989204, 3356.9010887145996, 2816.215044528246, 2061.4262697696686, 2888.7300196886063, 2755.9262050390244, 2709.8193626999855, 2497.0227107703686, 2656.1063808202744, 2700.7767875790596, 2500.6430116295815, 3087.5859234929085, 3559.590897977352, 3706.7006427049637, 3288.3064337968826, 3351.0159683823586, 3180.944154858589, 3085.460027486086, 3373.6118247509003, 3854.466181874275, 3397.8141648471355, 3676.3437009751797, 2787.5826314389706, 2746.833100438118, 2936.3198858499527, 55.39321577548981]",3019.677095115185,3019.7431640625,3098.5025856954358,3094.9820198059083,3087.5765380859375,3942.648889160156,0.3231036541086955,14.862176418304443,15.0078125,14.35469388961792,15.02734375,1.9868049621582031,1.9868049621582031,0.0,0.05510139465332031,0.16530418395996094,0.22040557861328125,1.0,0.22040557861328125,0.007871627807617188,1736,5.105804443359375,0.16530418395996094,1736,88527.29843738675,True,0,0,0,True,False,32,31,stagekv_async_r1,async,1,2,4096,1,True,4,32,True,True
ok,"[220, 16, 15, 15, 4, 220, 16, 15, 15, 4, 220, 16, 15, 15, 4, 220, 16, 15, 15, 4, 220, 16, 15, 15, 4, 220, 16, 15, 15, 4, 220, 16]","[220, 16, 15, 15, 4, 220, 16, 15, 15, 4, 220, 16, 15, 15, 4, 220, 16, 15, 15, 4, 220, 16, 15, 15, 4, 220, 16, 15, 15, 4, 220, 16]",2783.8840088807046,2722.4462890625,2783.8840088807046,2722.4462890625,1504.5292230211442,"[2526.8504917621613, 2593.5363490134478, 2105.1495508290827, 2794.7840210981667, 2898.27486500144, 2582.5853049755096, 2716.6694989427924, 2601.749411318451, 2802.8187910094857, 2895.5653682351112, 2992.2567568719387, 3483.2032159902155, 3114.5234811119735, 3200.9233897551894, 2703.179754782468, 3002.4238461628556, 2879.6404260210693, 2916.5374250151217, 2984.505587257445, 2802.0027787424624, 2707.966018933803, 2711.5932810120285, 2887.4448649585247, 2908.1187047995627, 2804.2408120818436, 2213.8947062194347, 2490.146888885647, 2883.0101867206395, 2298.998217098415, 2592.983464244753, 62.672220170497894]","[2526.893310546875, 2593.579833984375, 2105.18359375, 2794.839111328125, 2898.32763671875, 2582.627685546875, 2716.718017578125, 2601.79248046875, 2802.8671875, 2895.614990234375, 2992.30810546875, 3483.2578125, 3114.578857421875, 3200.974853515625, 2703.224853515625, 3002.478515625, 2879.681640625, 2916.578369140625, 2984.54931640625, 2802.05078125, 2708.011962890625, 2711.64111328125, 2887.49365234375, 2908.166259765625, 2804.28955078125, 2213.943115234375, 2484.00830078125, 2883.05859375, 2299.03369140625, 2593.02294921875, 62.67193603515625]","[2332.8618969917297, 2544.3358101844788, 1973.907995223999, 2420.293851852417, 2798.0848982334137, 2444.2661488056183, 2645.8941469192505, 2429.0222239494324, 2659.3818225860596, 2765.9958839416504, 2711.532766342163, 3013.552665710449, 2742.3602294921875, 2889.0923976898193, 2403.9885807037354, 2694.704918861389, 2660.3064880371094, 2839.167037010193, 2839.8377974033356, 2570.357358455658, 2643.9715089797974, 2533.656846523285, 2507.2707924842834, 2582.04851770401, 2594.855528354645, 2082.250724554062, 2422.722574234009, 2687.0121252536774, 2168.245379447937, 2357.7262506484985, 38.79302406311035]",2526.8504917621613,2526.893310546875,2687.7133062419794,2687.55249226888,2802.458984375,3162.096655273437,0.37208575567422014,14.895556449890137,15.19140625,14.38617992401123,15.2109375,1.9868049621582031,1.9877815246582031,0.0009765625,0.11020278930664062,0.11020278930664062,0.22040557861328125,1.0,0.22040557861328125,0.007871627807617188,868,3.40386962890625,0.11020278930664062,868,76997.4981906414,True,0,0,0,True,False,32,31,stagekv_async_r2,async,2,2,4096,1,True,5,32,True,True
ok,"[220, 16, 15, 15, 4, 220, 16, 15, 15, 4, 220, 16, 15, 15, 4, 220, 16, 15, 15, 4, 220, 16, 15, 15, 4, 220, 16, 15, 15, 4, 220, 16]","[220, 16, 15, 15, 4, 220, 16, 15, 15, 4, 220, 16, 15, 15, 4, 220, 16, 15, 15, 4, 220, 16, 15, 15, 4, 220, 16, 15, 15, 4, 220, 16]",425.00249622389674,425.0030212402344,425.00249622389674,425.0030212402344,9637.578547199839,"[24.52577603980899, 24.076249916106462, 24.0858169272542, 24.341383017599583, 23.827387019991875, 23.802651092410088, 23.81011378020048, 24.184291251003742, 24.115902837365866, 24.10187805071473, 24.083843920379877, 24.10475304350257, 24.128466844558716, 24.04180495068431, 24.176405742764473, 24.13548994809389, 24.08397477120161, 24.04711488634348, 24.375165812671185, 24.42218316718936, 24.45276128128171, 24.39807914197445, 24.364406242966652, 24.473818950355053, 24.521217681467533, 24.347174912691116, 24.406123906373978, 24.416122119873762, 24.364597164094448, 24.505408946424723, 24.384963791817427]","[24.523775100708008, 24.072383880615234, 24.08233642578125, 24.338207244873047, 23.82352066040039, 23.798784255981445, 23.806623458862305, 24.179712295532227, 24.112895965576172, 24.098623275756836, 24.075136184692383, 24.101600646972656, 24.125280380249023, 24.037376403808594, 24.172576904296875, 24.13158416748047, 24.08038330078125, 24.043424606323242, 24.371200561523438, 24.418304443359375, 24.448991775512695, 24.393728256225586, 24.359935760498047, 24.46950340270996, 24.51763153076172, 24.343488693237305, 24.401920318603516, 24.412160873413086, 24.360960006713867, 24.50124740600586, 24.380416870117188]","[0.0, 0.0, 0.0, 0.0, 0.0, 0.0, 0.0, 0.0, 0.0, 0.0, 0.0, 0.0, 0.0, 0.0, 0.0, 0.0, 0.0, 0.0, 0.0, 0.0, 0.0, 0.0, 0.0, 0.0, 0.0, 0.0, 0.0, 0.0, 0.0, 0.0, 0.0]",24.52577603980899,24.523775100708008,24.219318370645244,24.215331331888834,24.17614459991455,24.486962604522706,41.29615185909572,15.000550746917725,15.3671875,14.483302593231201,15.3671875,1.9877815246582031,1.9877815246582031,0.0,0.22040557861328125,0.0,0.22040557861328125,1.0,0.22040557861328125,0.0,0,0.0,0.0,0,0.0,True,0,0,0,False,False,32,31,stagekv_async_r4,async,4,2,4096,1,True,6,32,True,True
ok,"[220, 16, 15, 15, 4, 220, 16, 15, 15, 4, 220, 16, 15, 15, 4, 220, 16, 15, 15, 4, 220, 16, 15, 15, 4, 220, 16, 15, 15, 4, 220, 16]","[220, 16, 15, 15, 4, 220, 16, 15, 15, 4, 220, 16, 15, 15, 4, 220, 16, 15, 15, 4, 220, 16, 15, 15, 4, 220, 16, 15, 15, 4, 220, 16]",3493.2076246477664,3493.263427734375,3493.2076246477664,3493.263427734375,1172.5425478881052,"[5185.967350844294, 4398.53805815801, 4676.659153774381, 5220.277328975499, 5597.903124988079, 5104.820764157921, 4895.277244970202, 5700.455660931766, 5582.895514089614, 5508.859646972269, 6192.513642366976, 5014.540825039148, 5397.132367826998, 5988.515514880419, 5002.656918950379, 5295.934084802866, 5815.549236256629, 5582.573525141925, 5200.968622229993, 3992.9916779510677, 5520.91441815719, 5301.254011224955, 5295.4303389415145, 5087.976957205683, 4704.172607976943, 5191.749346908182, 5002.8073862195015, 5593.59132591635, 7009.549736045301, 5512.170502915978, 4877.345509827137]","[5186.05419921875, 4398.60107421875, 4676.73095703125, 5220.35205078125, 5597.98974609375, 5104.89208984375, 4895.35400390625, 5700.54443359375, 5582.98046875, 5502.11376953125, 6192.59619140625, 5014.61083984375, 5393.49072265625, 5988.599609375, 5002.7119140625, 5295.97412109375, 5815.61865234375, 5582.6474609375, 5201.029296875, 3904.30615234375, 5520.99560546875, 5301.30859375, 5285.08203125, 5088.0419921875, 4704.22119140625, 5191.8203125, 5002.86572265625, 5505.38671875, 7009.638671875, 5512.2412109375, 4788.68896484375]","[0.0, 0.0, 0.0, 0.0, 0.0, 0.0, 0.0, 0.0, 0.0, 0.0, 0.0, 0.0, 0.0, 0.0, 0.0, 0.0, 0.0, 0.0, 0.0, 0.0, 0.0, 0.0, 0.0, 0.0, 0.0, 0.0, 0.0, 0.0, 0.0, 0.0, 0.0]",5185.967350844294,5186.05419921875,5308.867501793429,5299.38115234375,5290.528076171875,6100.7977294921875,0.18870127874416645,14.780145168304443,15.02734375,14.27498483657837,15.046875,1.9877815246582031,2.046375274658203,0.05859375,0.0,0.22040557861328125,0.22040557861328125,1.0,0.22040557861328125,0.007871627807617188,1736,6.806083679199219,0.22040557861328125,1736,0.0,False,896,1792,0,True,True,32,31,stagekv_bidirectional_r0,bidirectional,0,2,4096,1,True,7,32,True,True
ok,"[220, 16, 15, 15, 4, 220, 16, 15, 15, 4, 220, 16, 15, 15, 4, 220, 16, 15, 15, 4, 220, 16, 15, 15, 4, 220, 16, 15, 15, 4, 220, 16]","[220, 16, 15, 15, 4, 220, 16, 15, 15, 4, 220, 16, 15, 15, 4, 220, 16, 15, 15, 4, 220, 16, 15, 15, 4, 220, 16, 15, 15, 4, 220, 16]",2856.0300851240754,2856.06201171875,2856.0300851240754,2856.06201171875,1434.1425302369635,"[3290.3325762599707, 3101.101926062256, 2600.7843604311347, 2596.225124783814, 2300.836756825447, 3102.833386976272, 3274.638565722853, 3320.4672327265143, 3497.5468297488987, 3085.134973283857, 2202.0047940313816, 2299.997271038592, 2693.9010987989604, 2422.439335845411, 2781.0558108612895, 2602.2195206023753, 2089.736772701144, 2110.0571830756962, 2292.6440141163766, 2397.5019389763474, 2304.1806160472333, 3091.929522808641, 3020.492246840149, 3183.770358096808, 3394.7849832475185, 3208.08715140447, 2795.066965278238, 2318.531787954271, 2499.3582949973643, 2283.1409238278866, 2598.535894881934]","[3290.349609375, 3101.12158203125, 2600.8095703125, 2596.254638671875, 2300.8603515625, 3102.867431640625, 3199.996826171875, 3320.501220703125, 3486.048095703125, 3085.169677734375, 2202.029052734375, 2300.02392578125, 2605.391845703125, 2422.46337890625, 2781.08544921875, 2602.244873046875, 2089.7568359375, 2103.19970703125, 2292.668212890625, 2397.52490234375, 2304.20458984375, 3015.490478515625, 3020.528564453125, 3183.794189453125, 3317.993408203125, 3208.11279296875, 2795.089111328125, 2318.552978515625, 2499.3818359375, 2283.164794921875, 2598.560546875]","[0.0, 0.0, 0.0, 0.0, 0.0, 0.0, 0.0, 0.0, 0.0, 0.0, 0.0, 0.0, 0.0, 0.0, 0.0, 0.0, 0.0, 0.0, 0.0, 0.0, 0.0, 0.0, 0.0, 0.0, 0.0, 0.0, 0.0, 0.0, 0.0, 0.0, 0.0]",3290.3325762599707,3290.349609375,2715.6335213997713,2704.4963623046874,2601.5272216796875,3319.372705078125,0.36975461085398953,14.862176418304443,15.02734375,14.35701608657837,15.046875,2.046375274658203,2.046375274658203,0.0,0.05510139465332031,0.16530418395996094,0.22040557861328125,1.0,0.22040557861328125,0.007871627807617188,1736,5.104562759399414,0.16530418395996094,1736,0.0,False,896,1792,0,True,True,32,31,stagekv_bidirectional_r1,bidirectional,1,2,4096,1,True,8,32,True,True
ok,"[220, 16, 15, 15, 4, 220, 16, 15, 15, 4, 220, 16, 15, 15, 4, 220, 16, 15, 15, 4, 220, 16, 15, 15, 4, 220, 16, 15, 15, 4, 220, 16]","[220, 16, 15, 15, 4, 220, 16, 15, 15, 4, 220, 16, 15, 15, 4, 220, 16, 15, 15, 4, 220, 16, 15, 15, 4, 220, 16, 15, 15, 4, 220, 16]",3498.574987053871,3498.609375,3498.574987053871,3498.609375,1170.7508786973397,"[2388.8882189057767, 1899.297664873302, 2299.433776177466, 2103.004585020244, 3102.873399388045, 2894.1779299639165, 2978.0418924055994, 2729.5792819932103, 2692.7255904302, 2381.4196018502116, 2897.4328693002462, 2518.411691300571, 2383.3091789856553, 2600.1758920028806, 2701.2983351014555, 2514.639895875007, 2481.909800786525, 2801.859761122614, 3398.736846167594, 3301.0162082500756, 2314.117864239961, 2485.3362552821636, 2502.482899930328, 2107.005874160677, 2191.9662039726973, 2297.6815584115684, 2600.444125942886, 2302.0328311249614, 2397.84192526713, 2399.518182966858, 2300.080937333405]","[2388.908935546875, 1899.31396484375, 2299.458251953125, 2103.023681640625, 3102.904296875, 2894.204833984375, 2903.04931640625, 2723.018798828125, 2692.74853515625, 2381.43896484375, 2897.459228515625, 2518.430419921875, 2383.3271484375, 2600.196044921875, 2701.322998046875, 2514.66455078125, 2481.93115234375, 2801.87109375, 3398.7685546875, 3301.04931640625, 2302.969970703125, 2485.36279296875, 2502.50732421875, 2100.18017578125, 2191.989013671875, 2297.7041015625, 2600.455078125, 2302.053466796875, 2397.860595703125, 2399.537109375, 2300.1005859375]","[0.0, 0.0, 0.0, 0.0, 0.0, 0.0, 0.0, 0.0, 0.0, 0.0, 0.0, 0.0, 0.0, 0.0, 0.0, 0.0, 0.0, 0.0, 0.0, 0.0, 0.0, 0.0, 0.0, 0.0, 0.0, 0.0, 0.0, 0.0, 0.0, 0.0, 0.0]",2388.8882189057767,2388.908935546875,2552.5950953209153,2549.2967122395835,2493.93505859375,3211.884057617187,0.39226504910112625,14.895556449890137,15.16015625,14.388335704803467,15.1796875,2.046375274658203,2.046375274658203,0.0,0.11020278930664062,0.11020278930664062,0.22040557861328125,1.0,0.22040557861328125,0.007871627807617188,868,3.4030418395996094,0.11020278930664062,868,0.0,False,896,1792,0,True,True,32,31,stagekv_bidirectional_r2,bidirectional,2,2,4096,1,True,9,32,True,True
ok,"[220, 16, 15, 15, 4, 220, 16, 15, 15, 4, 220, 16, 15, 15, 4, 220, 16, 15, 15, 4, 220, 16, 15, 15, 4, 220, 16, 15, 15, 4, 220, 16]","[220, 16, 15, 15, 4, 220, 16, 15, 15, 4, 220, 16, 15, 15, 4, 220, 16, 15, 15, 4, 220, 16, 15, 15, 4, 220, 16, 15, 15, 4, 220, 16]",418.9578536897898,418.951904296875,418.9578536897898,418.951904296875,9776.778570500348,"[23.94769573584199, 23.337085731327534, 23.345972876995802, 23.102228064090014, 23.213105276226997, 23.120471742004156, 23.16520595923066, 23.172760382294655, 23.142823949456215, 23.230176884680986, 23.299797903746367, 23.266384843736887, 23.292784113436937, 23.29262299463153, 23.61052669584751, 23.5196971334517, 23.53517571464181, 23.465235251933336, 23.96248420700431, 23.307551629841328, 23.414832074195147, 23.282785899937153, 23.383472580462694, 23.182128090411425, 23.64791603758931, 23.230668157339096, 23.375508841127157, 23.27840682119131, 23.400274571031332, 23.67171086370945, 23.291302379220724]","[23.94393539428711, 23.33286476135254, 23.341087341308594, 23.0982723236084, 23.208959579467773, 23.11577606201172, 23.160736083984375, 23.169023513793945, 23.138303756713867, 23.2260799407959, 23.295263290405273, 23.262208938598633, 23.288799285888672, 23.287776947021484, 23.606271743774414, 23.51513671875, 23.530336380004883, 23.459840774536133, 23.958528518676758, 23.302143096923828, 23.410560607910156, 23.27859115600586, 23.378944396972656, 23.177440643310547, 23.64313507080078, 23.226335525512695, 23.371456146240234, 23.274240493774414, 23.395328521728516, 23.667648315429688, 23.286592483520508]","[0.0, 0.0, 0.0, 0.0, 0.0, 0.0, 0.0, 0.0, 0.0, 0.0, 0.0, 0.0, 0.0, 0.0, 0.0, 0.0, 0.0, 0.0, 0.0, 0.0, 0.0, 0.0, 0.0, 0.0, 0.0, 0.0, 0.0, 0.0, 0.0, 0.0, 0.0]",23.94769573584199,23.94393539428711,23.351369922359783,23.34692274729411,23.292031288146973,23.65661735534668,42.83219723746674,15.000550746917725,15.3125,14.514666557312012,15.3125,2.046375274658203,2.046375274658203,0.0,0.22040557861328125,0.0,0.22040557861328125,1.0,0.22040557861328125,0.0,0,0.0,0.0,0,0.0,False,0,0,0,False,False,32,31,stagekv_bidirectional_r4,bidirectional,4,2,4096,1,True,10,32,True,True
ok,"[220, 16, 15, 15, 4, 220, 16, 15, 15, 4, 220, 16, 15, 15, 4, 220, 16, 15, 15, 4, 220, 16, 15, 15, 4, 220, 16, 15, 15, 4, 220, 16]","[220, 16, 15, 15, 4, 220, 16, 15, 15, 4, 220, 16, 15, 15, 4, 220, 16, 15, 15, 4, 220, 16, 15, 15, 4, 220, 16, 15, 15, 4, 220, 16]",410.07300931960344,410.06182861328125,410.07300931960344,410.06182861328125,9988.737585869841,"[23.559922818094492, 21.893913857638836, 21.557875908911228, 21.39257825911045, 21.350188180804253, 21.373040974140167, 21.384963300079107, 21.334558725357056, 23.566635325551033, 22.419875022023916, 21.367951296269894, 21.26852609217167, 21.395813208073378, 21.245112642645836, 21.297359839081764, 21.1999979801476, 21.344969049096107, 21.354706957936287, 21.438613068312407, 21.261502988636494, 21.79751405492425, 21.327907219529152, 21.615153178572655, 21.446858998388052, 21.536395885050297, 21.492204163223505, 21.593401674181223, 21.547046024352312, 21.462347824126482, 21.44787088036537, 21.813964005559683]","[23.555072784423828, 21.88979148864746, 21.553152084350586, 21.388032913208008, 21.345279693603516, 21.368831634521484, 21.380096435546875, 21.33020782470703, 23.562240600585938, 22.415359497070312, 21.363616943359375, 21.26335906982422, 21.390399932861328, 21.24060821533203, 21.29292869567871, 21.195775985717773, 21.340160369873047, 21.349376678466797, 21.434368133544922, 21.25721549987793, 21.792768478393555, 21.323776245117188, 21.610496520996094, 21.442432403564453, 21.532480239868164, 21.48748779296875, 21.588991165161133, 21.540864944458008, 21.45689582824707, 21.443584442138672, 21.809120178222656]","[0.0, 0.0, 0.0, 0.0, 0.0, 0.0, 0.0, 0.0, 0.0, 0.0, 0.0, 0.0, 0.0, 0.0, 0.0, 0.0, 0.0, 0.0, 0.0, 0.0, 0.0, 0.0, 0.0, 0.0, 0.0, 0.0, 0.0, 0.0, 0.0, 0.0, 0.0]",23.559922818094492,23.555072784423828,21.550961552808683,21.546323331197105,21.412384033203125,22.178853893280028,46.411630635473266,14.999261379241943,15.20703125,14.511165142059326,15.20703125,2.046375274658203,2.046375274658203,0.0,0.22040557861328125,0.0,0.22040557861328125,1.0,0.22040557861328125,0.0,0,0.0,0.0,0,0.0,False,0,0,0,False,False,32,31,standard,standard,,,4096,1,True,11,32,True,True
ok,"[220, 16, 15, 15, 4, 220, 16, 15, 15, 4, 220, 16, 15, 15, 4, 220, 16, 15, 15, 4, 220, 16, 15, 15, 4, 220, 16, 15, 15, 4, 220, 16]","[220, 16, 15, 15, 4, 220, 16, 15, 15, 4, 220, 16, 15, 15, 4, 220, 16, 15, 15, 4, 220, 16, 15, 15, 4, 220, 16, 15, 15, 4, 220, 16]",4112.910599913448,4110.8408203125,4112.910599913448,4110.8408203125,996.3898333793007,"[6086.360034998506, 3997.563287615776, 3816.2301960401237, 3487.2606452554464, 2995.796336326748, 3711.4092600531876, 3105.340355075896, 2999.442942906171, 3283.298232126981, 3015.164101962, 3090.4807299375534, 3393.468565773219, 3202.3773519322276, 3300.0201862305403, 3601.1083722114563, 3797.6423362269998, 3304.041768424213, 3896.649613045156, 3603.0861479230225, 2899.0504289977252, 3499.1946909576654, 3397.538613062352, 3197.994372341782, 3605.807480867952, 3298.9466791041195, 4810.792130883783, 4384.434001985937, 3501.608171965927, 3097.8288860060275, 3903.7940688431263, 138.8013269752264]","[6086.408203125, 3997.60498046875, 3816.26904296875, 3487.29541015625, 2995.825439453125, 3703.962646484375, 3105.37109375, 2999.47216796875, 3283.330078125, 3003.867919921875, 3090.509765625, 3393.502197265625, 3202.408447265625, 3300.051025390625, 3601.142822265625, 3797.68115234375, 3304.0732421875, 3896.6875, 3603.1201171875, 2899.0771484375, 3499.226806640625, 3397.5693359375, 3198.025634765625, 3605.8408203125, 3298.969482421875, 4810.82568359375, 4384.47705078125, 3501.633544921875, 3097.855712890625, 3903.796142578125, 138.79910278320312]","[0.0, 0.0, 0.0, 0.0, 0.0, 0.0, 0.0, 0.0, 0.0, 0.0, 0.0, 0.0, 0.0, 0.0, 0.0, 0.0, 0.0, 0.0, 0.0, 0.0, 0.0, 0.0, 0.0, 0.0, 0.0, 0.0, 0.0, 0.0, 0.0, 0.0, 0.0]",6086.360034998506,6086.408203125,3377.872376035278,3377.275717163086,3395.5357666015625,4210.384619140624,0.29609664230790156,14.780145168304443,15.03515625,14.26521921157837,15.03515625,2.046375274658203,2.046375274658203,0.0,0.0,0.22040557861328125,0.22040557861328125,1.0,0.22040557861328125,0.0,1736,6.8077392578125,0.22040557861328125,0,0.0,False,0,0,0,False,False,32,31,stagekv_sync_r0,sync,0,2,4096,1,True,12,32,True,True
ok,"[220, 16, 15, 15, 4, 220, 16, 15, 15, 4, 220, 16, 15, 15, 4, 220, 16, 15, 15, 4, 220, 16, 15, 15, 4, 220, 16, 15, 15, 4, 220, 16]","[220, 16, 15, 15, 4, 220, 16, 15, 15, 4, 220, 16, 15, 15, 4, 220, 16, 15, 15, 4, 220, 16, 15, 15, 4, 220, 16, 15, 15, 4, 220, 16]",426.46905360743403,426.46630859375,426.46905360743403,426.46630859375,9604.510174570043,"[24.64171266183257, 24.267383851110935, 24.41107202321291, 24.08186811953783, 23.96229514852166, 24.056289345026016, 24.00374226272106, 23.981750011444092, 24.078972171992064, 24.030701722949743, 24.03509011492133, 24.01697589084506, 24.148382246494293, 24.093017913401127, 24.317617993801832, 24.859509896486998, 24.39751708880067, 24.391346145421267, 25.802000891417265, 24.404809810221195, 24.37300095334649, 24.461467284709215, 24.421933107078075, 24.45076685398817, 24.42116104066372, 24.35842389240861, 24.468660820275545, 24.511870928108692, 24.39624536782503, 24.39580438658595, 24.29038705304265]","[24.63827133178711, 24.26278305053711, 24.407039642333984, 24.077503204345703, 23.958208084106445, 24.051712036132812, 24.000160217285156, 23.977983474731445, 24.07423973083496, 24.026111602783203, 24.03023910522461, 24.012800216674805, 24.144607543945312, 24.08940887451172, 24.31283187866211, 24.854528427124023, 24.392704010009766, 24.386560440063477, 25.797632217407227, 24.400896072387695, 24.368928909301758, 24.456192016601562, 24.41801643371582, 24.446720123291016, 24.416255950927734, 24.353792190551758, 24.464384078979492, 24.50739288330078, 24.391679763793945, 24.391647338867188, 24.28620719909668]","[0.0, 0.0, 0.0, 0.0, 0.0, 0.0, 0.0, 0.0, 0.0, 0.0, 0.0, 0.0, 0.0, 0.0, 0.0, 0.0, 0.0, 0.0, 0.0, 0.0, 0.0, 0.0, 0.0, 0.0, 0.0, 0.0, 0.0, 0.0, 0.0, 0.0, 0.0]",24.64171266183257,24.63827133178711,24.329668811211985,24.325305557250978,24.361360549926758,24.698317432403563,41.10945277322185,15.000550746917725,15.3671875,14.483302593231201,15.3671875,2.046375274658203,2.046375274658203,0.0,0.22040557861328125,0.0,0.22040557861328125,1.0,0.22040557861328125,0.0,0,0.0,0.0,0,0.0,False,0,0,0,False,False,32,31,stagekv_sync_r4,sync,4,2,4096,2,True,0,32,True,True
ok,"[220, 16, 15, 15, 4, 220, 16, 15, 15, 4, 220, 16, 15, 15, 4, 220, 16, 15, 15, 4, 220, 16, 15, 15, 4, 220, 16, 15, 15, 4, 220, 16]","[220, 16, 15, 15, 4, 220, 16, 15, 15, 4, 220, 16, 15, 15, 4, 220, 16, 15, 15, 4, 220, 16, 15, 15, 4, 220, 16, 15, 15, 4, 220, 16]",3971.8867549672723,3971.9208984375,3971.8867549672723,3971.9208984375,1031.2390666217223,"[3887.296035885811, 4104.617382865399, 4794.24555785954, 4800.025478005409, 4679.729841183871, 4296.531475149095, 5403.100220952183, 5516.348653938621, 4021.5744799934328, 4012.2952042147517, 3691.5367990732193, 3684.723482001573, 3783.6176971904933, 4112.579828128219, 7200.1330107450485, 7303.3813098445535, 7691.896552219987, 7314.569619949907, 7802.322952076793, 7496.646914631128, 7299.63729577139, 7587.630938272923, 7294.9842708185315, 7603.924358729273, 7699.621872976422, 7214.848816860467, 7418.391488026828, 7507.635823916644, 7315.690509043634, 7401.386179961264, 52.68542328849435]","[3887.330322265625, 4104.65478515625, 4794.2900390625, 4800.0693359375, 4679.77294921875, 4220.3642578125, 5403.1513671875, 5516.40087890625, 4021.61279296875, 4005.128173828125, 3681.577880859375, 3684.756591796875, 3783.650390625, 4101.57861328125, 7200.20166015625, 7303.45166015625, 7691.96923828125, 7314.6318359375, 7802.38330078125, 7496.71435546875, 7299.70361328125, 7587.69970703125, 7295.0498046875, 7603.99267578125, 7699.69140625, 7214.912109375, 7418.4560546875, 7507.70068359375, 7315.75390625, 7401.45068359375, 52.681663513183594]","[3431.8377269506454, 3944.728860616684, 4668.73052239418, 4604.93430685997, 4514.505900859833, 3894.2693886756897, 4898.158749103546, 5332.174209594727, 3874.150497317314, 3965.932596683502, 3533.603469014168, 3437.8662654161453, 3569.4164971113205, 3961.0294264554977, 7091.559012413025, 7264.89119720459, 7583.317886352539, 7273.333877563477, 7673.991363525391, 7200.847810745239, 7193.482872009277, 7469.8434982299805, 6755.597434997559, 7489.782569885254, 7497.813557624817, 6916.89111328125, 7276.34122467041, 7305.978706359863, 7265.1169357299805, 7278.511810302734, 29.856383860111237]",3887.296035885811,3887.330322265625,5870.21044792297,5866.78174718221,7207.556884765625,7696.2164306640625,0.17045120188428617,14.780145168304443,15.0078125,14.27266263961792,15.02734375,2.046375274658203,2.046375274658203,0.0,0.0,0.22040557861328125,0.22040557861328125,1.0,0.22040557861328125,0.007871627807617188,1736,6.8077392578125,0.22040557861328125,1736,174198.49567180872,True,0,0,0,True,False,32,31,stagekv_async_r0,async,0,2,4096,2,True,1,32,True,True
ok,"[220, 16, 15, 15, 4, 220, 16, 15, 15, 4, 220, 16, 15, 15, 4, 220, 16, 15, 15, 4, 220, 16, 15, 15, 4, 220, 16, 15, 15, 4, 220, 16]","[220, 16, 15, 15, 4, 220, 16, 15, 15, 4, 220, 16, 15, 15, 4, 220, 16, 15, 15, 4, 220, 16, 15, 15, 4, 220, 16, 15, 15, 4, 220, 16]",4060.6527109630406,4060.677001953125,4060.6527109630406,4060.677001953125,1008.6987953067642,"[3798.4729991294444, 3669.333642348647, 3618.730208836496, 3699.4300559163094, 3881.2766848132014, 3619.7940190322697, 3620.909012388438, 3819.957188796252, 3797.7750040590763, 3784.6024413593113, 3795.3549372032285, 3697.116432711482, 3696.7754713259637, 3915.8674492500722, 3897.856533061713, 4100.069300737232, 3301.3776363804936, 3693.707751110196, 3615.266158245504, 3700.9074590168893, 3715.803812723607, 3896.9545462168753, 3600.2439837902784, 3692.8282198496163, 3694.881687872112, 3498.838394880295, 3708.4053196012974, 3701.077085919678, 3696.110444609076, 3797.463261988014, 100.18440382555127]","[3793.16015625, 3669.361328125, 3618.756591796875, 3699.453857421875, 3881.302001953125, 3619.822509765625, 3620.935791015625, 3819.98583984375, 3797.803466796875, 3784.63134765625, 3795.3818359375, 3697.143798828125, 3696.802734375, 3915.89990234375, 3823.091796875, 4100.09912109375, 3301.4013671875, 3693.73486328125, 3615.29150390625, 3700.935791015625, 3715.830810546875, 3896.9814453125, 3600.268310546875, 3692.853271484375, 3694.90625, 3498.861572265625, 3708.409912109375, 3701.099609375, 3696.132080078125, 3790.15283203125, 100.18185424804688]","[3640.94027030468, 3269.6227900087833, 3401.904306471348, 3608.7615818679333, 3505.443911075592, 3294.8466391563416, 3428.419363409281, 3458.27833250165, 3607.5082385241985, 3414.0943654179573, 3753.4500338435173, 3578.0675774514675, 3578.895823419094, 3885.7831721305847, 3711.286856651306, 3806.066474378109, 3269.038005769253, 3548.8989310264587, 3408.0719983279705, 3473.9900533258915, 3582.86434173584, 3616.570407986641, 3477.7093452215195, 3579.225076019764, 3221.473871409893, 3218.291759610176, 3664.457375049591, 3487.21709048748, 3632.758393764496, 3747.3669164180756, 24.212511971592903]",3798.4729991294444,3793.16015625,3600.9632849289724,3598.2504465738934,3698.298828125,3907.3865966796875,0.2779128398225196,14.862176418304443,15.0078125,14.35469388961792,15.02734375,2.046375274658203,2.046375274658203,0.0,0.05510139465332031,0.16530418395996094,0.22040557861328125,1.0,0.22040557861328125,0.007871627807617188,1736,5.105804443359375,0.16530418395996094,1736,105895.51581473649,True,0,0,0,True,False,32,31,stagekv_async_r1,async,1,2,4096,2,True,2,32,True,True
ok,"[220, 16, 15, 15, 4, 220, 16, 15, 15, 4, 220, 16, 15, 15, 4, 220, 16, 15, 15, 4, 220, 16, 15, 15, 4, 220, 16, 15, 15, 4, 220, 16]","[220, 16, 15, 15, 4, 220, 16, 15, 15, 4, 220, 16, 15, 15, 4, 220, 16, 15, 15, 4, 220, 16, 15, 15, 4, 220, 16, 15, 15, 4, 220, 16]",4077.888988889754,4077.90478515625,4077.888988889754,4077.90478515625,1004.4373804188898,"[3723.582786973566, 3478.385601192713, 2679.1199166327715, 2721.9416457228363, 2097.4080311134458, 2603.3603167161345, 2476.980395615101, 1896.6193706728518, 1902.030480094254, 2900.6321718916297, 2294.5439708419144, 2020.4225019551814, 2320.6260222941637, 2881.092223804444, 2209.3339641578496, 3999.760787934065, 3498.8703769631684, 3319.6573960594833, 2982.564509380609, 3214.2281350679696, 3100.2572309225798, 3205.352885182947, 3098.0299450457096, 3494.9490218423307, 2100.372939836234, 1895.6995741464198, 2094.9278860352933, 2101.3521440327168, 2317.411416210234, 1886.2157920375466, 142.70246401429176]","[3723.609130859375, 3478.408203125, 2606.5283203125, 2721.959716796875, 2097.419189453125, 2603.37646484375, 2476.994384765625, 1821.0406494140625, 1902.0411376953125, 2900.64990234375, 2218.267578125, 2020.4349365234375, 2320.639892578125, 2881.11083984375, 2201.870361328125, 3999.781982421875, 3498.892333984375, 3319.68017578125, 2982.582275390625, 3214.2470703125, 3100.273681640625, 3205.377685546875, 3098.04443359375, 3494.971435546875, 2100.384765625, 1895.708984375, 2087.565185546875, 2101.351318359375, 2317.42578125, 1886.2264404296875, 142.69949340820312]","[3494.147102355957, 3164.8538994789124, 2541.362307071686, 2513.6895780563354, 1859.1754050254822, 2297.447163581848, 2328.015203475952, 1631.4908757209778, 1703.3490362167358, 2512.6215631961823, 1902.2118895053864, 1864.821373462677, 2212.530324935913, 2648.063878059387, 1975.3089008331299, 3548.7250175476074, 3112.884452819824, 2998.014976501465, 2852.8731422424316, 2721.0770316123962, 2990.710220336914, 2999.281596660614, 2957.580462694168, 3247.201820373535, 1705.8085634708405, 1724.383502483368, 1860.9740693569183, 2057.844195127487, 1963.1982564926147, 1836.553638935089, 36.50419211387634]",3723.582786973566,3723.609130859375,2564.494970580563,2556.531820678711,2540.1854248046875,3497.1279296875,0.39115492008017283,14.895556449890137,15.19140625,14.38617992401123,15.2109375,2.046375274658203,2.046375274658203,0.0,0.11020278930664062,0.11020278930664062,0.22040557861328125,1.0,0.22040557861328125,0.007871627807617188,868,3.40386962890625,0.11020278930664062,868,73262.70363974571,True,0,0,0,True,False,32,31,stagekv_async_r2,async,2,2,4096,2,True,3,32,True,True
ok,"[220, 16, 15, 15, 4, 220, 16, 15, 15, 4, 220, 16, 15, 15, 4, 220, 16, 15, 15, 4, 220, 16, 15, 15, 4, 220, 16, 15, 15, 4, 220, 16]","[220, 16, 15, 15, 4, 220, 16, 15, 15, 4, 220, 16, 15, 15, 4, 220, 16, 15, 15, 4, 220, 16, 15, 15, 4, 220, 16, 15, 15, 4, 220, 16]",424.52957993373275,424.52069091796875,424.52957993373275,424.52069091796875,9648.528534953037,"[25.19340207800269, 24.792932905256748, 24.7311070561409, 24.802731815725565, 24.743881076574326, 27.413465082645416, 25.844690389931202, 24.821395985782146, 24.575766641646624, 24.49799096211791, 24.481440894305706, 24.674091022461653, 25.01020021736622, 25.055524427443743, 25.147146079689264, 25.157164316624403, 25.078356731683016, 25.122799910604954, 25.059012230485678, 24.993859697133303, 25.12129722163081, 25.209161918610334, 25.09365463629365, 25.11246083304286, 25.14314791187644, 25.102742947638035, 25.077885948121548, 25.17252415418625, 25.085650850087404, 25.224741082638502, 24.986655917018652]","[25.189376831054688, 24.78870391845703, 24.72652816772461, 24.798208236694336, 24.739456176757812, 24.792991638183594, 25.840639114379883, 24.816640853881836, 24.571680068969727, 24.490848541259766, 24.47667121887207, 24.66985511779785, 25.005407333374023, 25.051136016845703, 25.14227294921875, 25.152511596679688, 25.07263946533203, 25.11769676208496, 25.054208755493164, 24.989696502685547, 25.11667251586914, 25.204544067382812, 25.08902359008789, 25.10745620727539, 25.13907241821289, 25.09823989868164, 25.07356834411621, 25.167871475219727, 25.081695556640625, 25.220096588134766, 24.981504440307617]","[0.0, 0.0, 0.0, 0.0, 0.0, 0.0, 0.0, 0.0, 0.0, 0.0, 0.0, 0.0, 0.0, 0.0, 0.0, 0.0, 0.0, 0.0, 0.0, 0.0, 0.0, 0.0, 0.0, 0.0, 0.0, 0.0, 0.0, 0.0, 0.0, 0.0, 0.0]",25.19340207800269,25.189376831054688,25.077782695492107,24.98591791788737,25.063424110412598,25.213097953796385,40.022544030055506,15.000550746917725,15.3671875,14.483302593231201,15.3671875,2.046375274658203,2.046375274658203,0.0,0.22040557861328125,0.0,0.22040557861328125,1.0,0.22040557861328125,0.0,0,0.0,0.0,0,0.0,True,0,0,0,False,False,32,31,stagekv_async_r4,async,4,2,4096,2,True,4,32,True,True
ok,"[220, 16, 15, 15, 4, 220, 16, 15, 15, 4, 220, 16, 15, 15, 4, 220, 16, 15, 15, 4, 220, 16, 15, 15, 4, 220, 16, 15, 15, 4, 220, 16]","[220, 16, 15, 15, 4, 220, 16, 15, 15, 4, 220, 16, 15, 15, 4, 220, 16, 15, 15, 4, 220, 16, 15, 15, 4, 220, 16, 15, 15, 4, 220, 16]",3907.7446069568396,3850.11181640625,3907.7446069568396,3850.11181640625,1063.8652058223247,"[5602.628268767148, 4817.757259123027, 5484.1190269216895, 4597.702813800424, 4721.810087095946, 4488.1412400864065, 3791.525757405907, 4412.867124192417, 4399.706020951271, 3590.2242180891335, 3195.1475660316646, 2999.559375923127, 3905.7927867397666, 3300.7850190624595, 3590.5157388187945, 3499.9616001732647, 3308.1984790042043, 2596.260434947908, 3396.946096327156, 3117.348332889378, 3293.693719897419, 3690.531900152564, 2798.410838935524, 3399.756573140621, 3799.992086365819, 3299.2407120764256, 3501.042392104864, 3701.190014835447, 4301.823808811605, 3397.812930867076, 3814.6074009127915]","[5602.6650390625, 4817.7880859375, 5484.15478515625, 4597.7333984375, 4703.84716796875, 4480.89208984375, 3791.551513671875, 4402.578125, 4387.93115234375, 3590.246337890625, 3195.166748046875, 2999.574462890625, 3905.798095703125, 3300.8046875, 3590.533203125, 3499.98486328125, 3308.21875, 2596.276123046875, 3396.96728515625, 3117.3662109375, 3286.432373046875, 3690.544189453125, 2798.425048828125, 3399.776123046875, 3800.014892578125, 3299.26025390625, 3501.06396484375, 3701.212158203125, 4301.8505859375, 3397.8330078125, 3814.623291015625]","[0.0, 0.0, 0.0, 0.0, 0.0, 0.0, 0.0, 0.0, 0.0, 0.0, 0.0, 0.0, 0.0, 0.0, 0.0, 0.0, 0.0, 0.0, 0.0, 0.0, 0.0, 0.0, 0.0, 0.0, 0.0, 0.0, 0.0, 0.0, 0.0, 0.0, 0.0]",5602.628268767148,5602.6650390625,3740.4157118561366,3738.6149658203126,3590.3897705078125,4766.514672851563,0.2674787345426955,14.780145168304443,15.02734375,14.27498483657837,15.046875,2.046375274658203,2.046375274658203,0.0,0.0,0.22040557861328125,0.22040557861328125,1.0,0.22040557861328125,0.007871627807617188,1736,6.806083679199219,0.22040557861328125,1736,0.0,False,896,1792,0,True,True,32,31,stagekv_bidirectional_r0,bidirectional,0,2,4096,2,True,5,32,True,True
ok,"[220, 16, 15, 15, 4, 220, 16, 15, 15, 4, 220, 16, 15, 15, 4, 220, 16, 15, 15, 4, 220, 16, 15, 15, 4, 220, 16, 15, 15, 4, 220, 16]","[220, 16, 15, 15, 4, 220, 16, 15, 15, 4, 220, 16, 15, 15, 4, 220, 16, 15, 15, 4, 220, 16, 15, 15, 4, 220, 16, 15, 15, 4, 220, 16]",3281.921929679811,3218.18408203125,3281.921929679811,3218.18408203125,1272.7674662459615,"[2924.24373421818, 2796.3806400075555, 2200.4531268030405, 2900.140422862023, 2199.699508957565, 3082.6308163814247, 2098.8253108225763, 2418.883422855288, 2498.4962828457355, 2302.8392223641276, 2196.8261948786676, 2599.2546193301678, 2479.230549186468, 2421.740331687033, 2683.7119827978313, 2899.1308859549463, 2500.434434041381, 2199.538893997669, 2498.3017607592046, 2518.4182240627706, 1985.3564533405006, 2113.9861210249364, 2181.1751457862556, 2018.2596510276198, 2184.7115331329405, 1998.5128473490477, 2304.0880048647523, 2096.0129257291555, 2203.354597091675, 1994.6641731075943, 2400.155011098832]","[2924.26025390625, 2796.3955078125, 2200.46337890625, 2900.156494140625, 2199.710693359375, 3082.646484375, 2098.83447265625, 2418.884521484375, 2498.507568359375, 2302.849853515625, 2196.83740234375, 2599.2685546875, 2402.45361328125, 2421.741455078125, 2683.724853515625, 2899.145751953125, 2500.448974609375, 2199.549560546875, 2498.312255859375, 2518.427490234375, 1985.364990234375, 2113.99462890625, 2181.185546875, 2018.2691650390625, 2184.71923828125, 1998.5213623046875, 2304.098388671875, 2096.021484375, 2203.36328125, 1994.673095703125, 2400.1669921875]","[0.0, 0.0, 0.0, 0.0, 0.0, 0.0, 0.0, 0.0, 0.0, 0.0, 0.0, 0.0, 0.0, 0.0, 0.0, 0.0, 0.0, 0.0, 0.0, 0.0, 0.0, 0.0, 0.0, 0.0, 0.0, 0.0, 0.0, 0.0, 0.0, 0.0, 0.0]",2924.24373421818,2924.26025390625,2365.840436471626,2363.2912353515626,2303.47412109375,2899.70166015625,0.42313870801930187,14.862176418304443,15.02734375,14.35701608657837,15.046875,2.046375274658203,2.046375274658203,0.0,0.05510139465332031,0.16530418395996094,0.22040557861328125,1.0,0.22040557861328125,0.007871627807617188,1736,5.104562759399414,0.16530418395996094,1736,0.0,False,896,1792,0,True,True,32,31,stagekv_bidirectional_r1,bidirectional,1,2,4096,2,True,6,32,True,True
ok,"[220, 16, 15, 15, 4, 220, 16, 15, 15, 4, 220, 16, 15, 15, 4, 220, 16, 15, 15, 4, 220, 16, 15, 15, 4, 220, 16, 15, 15, 4, 220, 16]","[220, 16, 15, 15, 4, 220, 16, 15, 15, 4, 220, 16, 15, 15, 4, 220, 16, 15, 15, 4, 220, 16, 15, 15, 4, 220, 16, 15, 15, 4, 220, 16]",3022.223975043744,3022.24072265625,3022.223975043744,3022.24072265625,1355.2858213094362,"[2288.109793327749, 2303.6358621902764, 2695.927480235696, 2205.0025896169245, 2295.65203608945, 2898.101659025997, 2609.790057875216, 2472.1086090430617, 2718.4482370503247, 2378.258104901761, 2421.669510193169, 2821.127934847027, 3084.002277813852, 1815.726443193853, 1799.7077759355307, 1886.8050430901349, 1795.377040747553, 1818.5247480869293, 1983.5110837593675, 2414.9544881656766, 1899.5593949221075, 1701.0095356963575, 2184.2430252581835, 2098.7045243382454, 2015.0313810445368, 2201.198293827474, 1984.2097167856991, 1899.6219192631543, 2003.1090057455003, 1896.7181658372283, 1998.817487154156]","[2288.120849609375, 2303.6435546875, 2695.937744140625, 2205.011962890625, 2295.6513671875, 2898.112548828125, 2602.852294921875, 2472.058837890625, 2718.4619140625, 2302.30224609375, 2421.683349609375, 2821.1435546875, 3084.017578125, 1815.7340087890625, 1799.712890625, 1886.812255859375, 1795.38427734375, 1818.53076171875, 1983.51953125, 2414.963623046875, 1899.567138671875, 1701.0155029296875, 2184.25244140625, 2098.713623046875, 2015.0394287109375, 2201.208740234375, 1984.2181396484375, 1899.6295166015625, 2003.1180419921875, 1896.7271728515625, 1998.8265380859375]","[0.0, 0.0, 0.0, 0.0, 0.0, 0.0, 0.0, 0.0, 0.0, 0.0, 0.0, 0.0, 0.0, 0.0, 0.0, 0.0, 0.0, 0.0, 0.0, 0.0, 0.0, 0.0, 0.0, 0.0, 0.0, 0.0, 0.0, 0.0, 0.0, 0.0, 0.0]",2288.109793327749,2288.120849609375,2210.0184477244816,2207.261686197917,2141.4830322265625,2863.4765014648438,0.45305004216447664,14.895556449890137,15.16015625,14.388335704803467,15.1796875,2.046375274658203,2.046375274658203,0.0,0.11020278930664062,0.11020278930664062,0.22040557861328125,1.0,0.22040557861328125,0.007871627807617188,868,3.4030418395996094,0.11020278930664062,868,0.0,False,896,1792,0,True,True,32,31,stagekv_bidirectional_r2,bidirectional,2,2,4096,2,True,7,32,True,True
ok,"[220, 16, 15, 15, 4, 220, 16, 15, 15, 4, 220, 16, 15, 15, 4, 220, 16, 15, 15, 4, 220, 16, 15, 15, 4, 220, 16, 15, 15, 4, 220, 16]","[220, 16, 15, 15, 4, 220, 16, 15, 15, 4, 220, 16, 15, 15, 4, 220, 16, 15, 15, 4, 220, 16, 15, 15, 4, 220, 16, 15, 15, 4, 220, 16]",416.9525629840791,416.9409484863281,416.9525629840791,416.9409484863281,9823.933136983094,"[22.820225916802883, 22.935922257602215, 22.887693252414465, 22.863046266138554, 22.877763956785202, 22.77796668931842, 22.828030865639448, 22.815376985818148, 22.858406882733107, 22.88608904927969, 22.9278770275414, 22.839842829853296, 22.91392209008336, 22.839111275970936, 22.97142893075943, 22.91177771985531, 22.835996001958847, 22.930412087589502, 22.973261773586273, 23.13345205038786, 23.138361051678658, 23.020931985229254, 23.132469970732927, 23.209404665976763, 22.946523036807775, 22.96474715694785, 22.964906878769398, 22.922807838767767, 23.38000386953354, 23.149662651121616, 23.1646909378469]","[22.81590461730957, 22.93132781982422, 22.8832950592041, 22.85772705078125, 22.873855590820312, 22.772735595703125, 22.822912216186523, 22.811296463012695, 22.854496002197266, 22.88128089904785, 22.923263549804688, 22.832128524780273, 22.90892791748047, 22.830976486206055, 22.967071533203125, 22.907039642333984, 22.831968307495117, 22.925983428955078, 22.969215393066406, 23.129056930541992, 23.1331844329834, 23.016447067260742, 23.127168655395508, 23.204864501953125, 22.94256019592285, 22.961023330688477, 22.960128784179688, 22.91814422607422, 23.37481689453125, 23.14521598815918, 23.159807205200195]","[0.0, 0.0, 0.0, 0.0, 0.0, 0.0, 0.0, 0.0, 0.0, 0.0, 0.0, 0.0, 0.0, 0.0, 0.0, 0.0, 0.0, 0.0, 0.0, 0.0, 0.0, 0.0, 0.0, 0.0, 0.0, 0.0, 0.0, 0.0, 0.0, 0.0, 0.0]",22.820225916802883,22.81590461730957,22.966729601224262,22.961930656433104,22.924623489379883,23.184588718414304,43.55034491491403,15.000550746917725,15.3125,14.514666557312012,15.3125,2.046375274658203,2.046375274658203,0.0,0.22040557861328125,0.0,0.22040557861328125,1.0,0.22040557861328125,0.0,0,0.0,0.0,0,0.0,False,0,0,0,False,False,32,31,stagekv_bidirectional_r4,bidirectional,4,2,4096,2,True,8,32,True,True
ok,"[220, 16, 15, 15, 4, 220, 16, 15, 15, 4, 220, 16, 15, 15, 4, 220, 16, 15, 15, 4, 220, 16, 15, 15, 4, 220, 16, 15, 15, 4, 220, 16]","[220, 16, 15, 15, 4, 220, 16, 15, 15, 4, 220, 16, 15, 15, 4, 220, 16, 15, 15, 4, 220, 16, 15, 15, 4, 220, 16, 15, 15, 4, 220, 16]",409.9832219071686,409.9819641113281,409.9832219071686,409.9819641113281,9990.683392325414,"[21.866390947252512, 21.716279909014702, 21.68515231460333, 21.698707714676857, 21.594722755253315, 21.51472307741642, 21.629066672176123, 21.938407327979803, 21.369962953031063, 21.403854712843895, 21.45159477367997, 21.385871805250645, 21.45202597603202, 21.567411720752716, 21.579734981060028, 21.46916789934039, 21.72109903767705, 21.396250929683447, 21.51998272165656, 21.346508990973234, 21.367597859352827, 21.71294391155243, 21.407573018223047, 21.266669034957886, 21.362558007240295, 21.316462196409702, 21.64026815444231, 21.865499205887318, 21.31945826113224, 21.22189523652196, 21.41441497951746]","[21.861312866210938, 21.711872100830078, 21.680255889892578, 21.6944637298584, 21.590015411376953, 21.50912094116211, 21.623903274536133, 21.934080123901367, 21.365760803222656, 21.399551391601562, 21.44758415222168, 21.381120681762695, 21.4466552734375, 21.562368392944336, 21.574655532836914, 21.46406364440918, 21.716991424560547, 21.39036750793457, 21.5152645111084, 21.341920852661133, 21.362688064575195, 21.70889663696289, 21.402624130249023, 21.26201629638672, 21.358463287353516, 21.311487197875977, 21.636032104492188, 21.8603515625, 21.31452751159668, 21.2172794342041, 21.409791946411133]","[0.0, 0.0, 0.0, 0.0, 0.0, 0.0, 0.0, 0.0, 0.0, 0.0, 0.0, 0.0, 0.0, 0.0, 0.0, 0.0, 0.0, 0.0, 0.0, 0.0, 0.0, 0.0, 0.0, 0.0, 0.0, 0.0, 0.0, 0.0, 0.0, 0.0, 0.0]",21.866390947252512,21.861312866210938,21.511195537944634,21.506472460428874,21.45582389831543,21.795839500427245,46.49763004323297,14.999261379241943,15.20703125,14.511165142059326,15.20703125,2.046375274658203,2.046375274658203,0.0,0.22040557861328125,0.0,0.22040557861328125,1.0,0.22040557861328125,0.0,0,0.0,0.0,0,0.0,False,0,0,0,False,False,32,31,standard,standard,,,4096,2,True,9,32,True,True
ok,"[220, 16, 15, 15, 4, 220, 16, 15, 15, 4, 220, 16, 15, 15, 4, 220, 16, 15, 15, 4, 220, 16, 15, 15, 4, 220, 16, 15, 15, 4, 220, 16]","[220, 16, 15, 15, 4, 220, 16, 15, 15, 4, 220, 16, 15, 15, 4, 220, 16, 15, 15, 4, 220, 16, 15, 15, 4, 220, 16, 15, 15, 4, 220, 16]",3442.266719881445,3378.47705078125,3442.266719881445,3378.47705078125,1212.380589962222,"[3827.5503530167043, 3992.104907054454, 3100.076218601316, 4000.86776772514, 4504.505532793701, 4273.547118064016, 4402.947140857577, 4020.3639771789312, 4698.287050705403, 4277.768691070378, 4402.902371250093, 4100.425343960524, 3199.181993957609, 2802.2010680288076, 3096.1552569642663, 3418.9987420104444, 3885.432480368763, 3396.716217044741, 4299.881759099662, 3605.667727999389, 3299.7901285998523, 3201.8219432793558, 3790.6463681720197, 2906.9947162643075, 3797.1538370475173, 3193.7550720758736, 3005.5539640598, 7397.5779307074845, 7501.161761116236, 7695.027138106525, 51.768918056041]","[3827.57177734375, 3992.12744140625, 3100.0927734375, 4000.888916015625, 4504.53076171875, 4198.765625, 4402.970703125, 4020.384765625, 4698.31494140625, 4201.271484375, 4402.9287109375, 4100.4482421875, 3199.193115234375, 2802.21484375, 3096.172607421875, 3419.01806640625, 3885.454345703125, 3396.731689453125, 4299.90576171875, 3605.6865234375, 3299.806640625, 3201.838134765625, 3790.666748046875, 2907.010009765625, 3797.175048828125, 3101.586181640625, 3005.571044921875, 7397.61669921875, 7501.19921875, 7607.2978515625, 51.767295837402344]","[0.0, 0.0, 0.0, 0.0, 0.0, 0.0, 0.0, 0.0, 0.0, 0.0, 0.0, 0.0, 0.0, 0.0, 0.0, 0.0, 0.0, 0.0, 0.0, 0.0, 0.0, 0.0, 0.0, 0.0, 0.0, 0.0, 0.0, 0.0, 0.0, 0.0, 0.0]",3827.5503530167043,3827.57177734375,3977.3094380740076,3966.2878730773928,3841.314697265625,7454.587084960936,0.25212491679886884,14.780145168304443,15.03515625,14.26521921157837,15.03515625,2.046375274658203,2.046375274658203,0.0,0.0,0.22040557861328125,0.22040557861328125,1.0,0.22040557861328125,0.0,1736,6.8077392578125,0.22040557861328125,0,0.0,False,0,0,0,False,False,32,31,stagekv_sync_r0,sync,0,2,4096,2,True,10,32,True,True
ok,"[220, 16, 15, 15, 4, 220, 16, 15, 15, 4, 220, 16, 15, 15, 4, 220, 16, 15, 15, 4, 220, 16, 15, 15, 4, 220, 16, 15, 15, 4, 220, 16]","[220, 16, 15, 15, 4, 220, 16, 15, 15, 4, 220, 16, 15, 15, 4, 220, 16, 15, 15, 4, 220, 16, 15, 15, 4, 220, 16, 15, 15, 4, 220, 16]",4299.814794678241,4235.470703125,4299.814794678241,4235.470703125,967.070790261376,"[3621.3500979356468, 3679.2658087797463, 3803.415627218783, 3697.7352369576693, 3318.4898220933974, 3789.504323154688, 2694.045349024236, 2216.0251662135124, 2696.790643967688, 1884.5165981911123, 1901.8548377789557, 2097.6374349556863, 1800.0152870081365, 1804.9326776526868, 2098.743889015168, 1897.8416328318417, 1997.8799540549517, 1999.7998368926346, 2202.3107609711587, 2100.04271985963, 1997.3836573772132, 2304.7687630169094, 1896.9192379154265, 1999.0563122555614, 1805.213031359017, 1893.422544002533, 2104.6347729861736, 1796.9355271197855, 2313.3382969535887, 1981.409655418247, 81.45302068442106]","[3621.3525390625, 3679.2822265625, 3803.4248046875, 3697.75390625, 3318.505615234375, 3789.523193359375, 2694.055908203125, 2216.034423828125, 2696.789306640625, 1884.5255126953125, 1901.861572265625, 2097.64453125, 1800.021240234375, 1804.9197998046875, 2098.74951171875, 1897.8497314453125, 1997.887451171875, 1999.794921875, 2202.31884765625, 2100.048828125, 1997.390869140625, 2304.777099609375, 1896.9261474609375, 1999.065185546875, 1805.2188720703125, 1893.43017578125, 2104.6416015625, 1796.9398193359375, 2313.336669921875, 1981.408935546875, 81.44691467285156]","[0.0, 0.0, 0.0, 0.0, 0.0, 0.0, 0.0, 0.0, 0.0, 0.0, 0.0, 0.0, 0.0, 0.0, 0.0, 0.0, 0.0, 0.0, 0.0, 0.0, 0.0, 0.0, 0.0, 0.0, 0.0, 0.0, 0.0, 0.0, 0.0, 0.0, 0.0]",3621.3500979356468,3621.3525390625,2261.8460808570185,2261.8524541219076,2048.7197265625,3748.227014160156,0.44211548731998007,14.862176418304443,15.03515625,14.34725046157837,15.03515625,2.046375274658203,2.046375274658203,0.0,0.05510139465332031,0.16530418395996094,0.22040557861328125,1.0,0.22040557861328125,0.0,1736,5.105804443359375,0.16530418395996094,0,0.0,False,0,0,0,False,False,32,31,stagekv_sync_r1,sync,1,2,4096,2,True,11,32,True,True
ok,"[220, 16, 15, 15, 4, 220, 16, 15, 15, 4, 220, 16, 15, 15, 4, 220, 16, 15, 15, 4, 220, 16, 15, 15, 4, 220, 16, 15, 15, 4, 220, 16]","[220, 16, 15, 15, 4, 220, 16, 15, 15, 4, 220, 16, 15, 15, 4, 220, 16, 15, 15, 4, 220, 16, 15, 15, 4, 220, 16, 15, 15, 4, 220, 16]",3714.515354949981,3656.04345703125,3714.515354949981,3656.04345703125,1120.336792529813,"[1822.9917553253472, 1603.2123360782862, 1999.7366950847208, 2993.104583583772, 3102.534893900156, 2202.913955319673, 2100.676936097443, 2473.477175924927, 2222.1537679433823, 1680.8044570498168, 2499.561214353889, 1996.8371847644448, 1807.3398023843765, 2012.8158289007843, 2106.4256969839334, 2493.273986969143, 2400.964849162847, 2599.905790295452, 2683.652149979025, 2399.825206026435, 1997.1756469458342, 1800.4085989668965, 2298.290200997144, 2001.5007928013802, 2102.0182268694043, 1601.7143507488072, 1600.9466680698097, 1694.9181859381497, 1999.732721131295, 1699.9684497714043, 61.43389502540231]","[1822.99755859375, 1603.21728515625, 1999.742919921875, 2993.1181640625, 3102.550048828125, 2202.921875, 2100.684814453125, 2473.47412109375, 2222.1640625, 1680.8109130859375, 2499.57080078125, 1923.915771484375, 1807.34765625, 2012.8236083984375, 2106.4345703125, 2493.284423828125, 2400.97412109375, 2599.91748046875, 2683.664306640625, 2399.8359375, 1997.1829833984375, 1800.4150390625, 2298.29833984375, 2001.50830078125, 2102.026123046875, 1601.7191162109375, 1600.9503173828125, 1694.924072265625, 1999.7398681640625, 1699.97314453125, 61.42975997924805]","[0.0, 0.0, 0.0, 0.0, 0.0, 0.0, 0.0, 0.0, 0.0, 0.0, 0.0, 0.0, 0.0, 0.0, 0.0, 0.0, 0.0, 0.0, 0.0, 0.0, 0.0, 0.0, 0.0, 0.0, 0.0, 0.0, 0.0, 0.0, 0.0, 0.0, 0.0]",1822.9917553253472,1822.99755859375,2074.577474935601,2072.1539981842043,2056.7542114257812,2853.8639282226554,0.4825896149013462,14.895556449890137,15.19140625,14.380156993865967,15.19140625,2.046375274658203,2.046375274658203,0.0,0.11020278930664062,0.11020278930664062,0.22040557861328125,1.0,0.22040557861328125,0.0,868,3.40386962890625,0.11020278930664062,0,0.0,False,0,0,0,False,False,32,31,stagekv_sync_r2,sync,2,2,4096,2,True,12,32,True,True
