method,family,resident_kv_heads_r,sequence_length,status,successful_trials,prefill_wall_ms_mean,prefill_wall_ms_std,prefill_cuda_ms_mean,prefill_cuda_ms_std,time_to_first_token_wall_ms_mean,time_to_first_token_wall_ms_std,time_to_first_token_cuda_ms_mean,time_to_first_token_cuda_ms_std,prefill_tokens_per_second_mean,prefill_tokens_per_second_std,decode_first_step_wall_ms_mean,decode_first_step_wall_ms_std,decode_first_step_cuda_ms_mean,decode_first_step_cuda_ms_std,decode_steady_wall_mean_ms_mean,decode_steady_wall_mean_ms_std,decode_steady_cuda_mean_ms_mean,decode_steady_cuda_mean_ms_std,decode_steady_tokens_per_second_mean,decode_steady_tokens_per_second_std,prefill_peak_gpu_allocated_gib_mean,prefill_peak_gpu_allocated_gib_std,prefill_peak_gpu_reserved_gib_mean,prefill_peak_gpu_reserved_gib_std,decode_peak_gpu_allocated_gib_mean,decode_peak_gpu_allocated_gib_std,decode_peak_gpu_reserved_gib_mean,decode_peak_gpu_reserved_gib_std,cache_gpu_gib_mean,cache_gpu_gib_std,cache_cpu_gib_mean,cache_cpu_gib_std,cache_total_gib_mean,cache_total_gib_std,staging_gpu_gib_mean,staging_gpu_gib_std,h2d_gib_mean,h2d_gib_std,async_h2d_event_total_ms_mean,async_h2d_event_total_ms_std,decode_steady_cuda_p50_ms_pooled,decode_steady_cuda_p95_ms_pooled,decode_steady_wall_p50_ms_pooled,decode_steady_wall_p95_ms_pooled,all_generated_sequences_match_standard,all_step_top1_match_standard
standard,standard,,4096,ok,5,409.59857339039445,0.4333161691646128,409.57744750976565,0.44380706679152804,409.59857339039445,0.4333161691646128,409.57744750976565,0.44380706679152804,10000.560018906097,10.833007221177715,21.7540442943573,0.24102294231952556,21.74865303039551,0.2410069604434736,21.140462650607027,0.2056727445704853,21.134811058044434,0.20542168445881306,47.318864934086214,0.45802215808455154,14.999261379241943,0.0,15.20703125,0.0,14.511165142059326,0.0,15.20703125,0.0,0.22040557861328125,0.0,0.0,0.0,0.22040557861328125,0.0,0.0,0.0,0.0,0.0,0.0,0.0,20.997551918029785,21.43234996795654,21.002691704779863,21.43791443668306,True,True
stagekv_sync_r0,sync,0,4096,ok,5,3446.0364546626806,390.99016475688813,3415.2369140625,354.1773624126587,3446.0364546626806,390.99016475688813,3415.2369140625,354.1773624126587,1209.69407892053,125.2850603928577,3550.039233826101,1656.1733736817614,3535.7653564453126,1634.4895482911295,2050.139671852812,347.38935524030376,2043.0488947550455,347.8486567444572,0.5022506556307285,0.09477264671625277,14.780145168304443,0.0,15.03515625,0.0,14.26521921157837,0.0,15.03515625,0.0,0.0,0.0,0.22040557861328125,0.0,0.22040557861328125,0.0,0.0,0.0,6.8077392578125,0.0,0.0,0.0,1903.0138549804688,3611.5231445312475,1903.0540524981916,3617.4541520653265,True,True
stagekv_sync_r1,sync,1,4096,ok,5,2454.670865647495,250.0430577869024,2441.469140625,226.51233408815375,2454.670865647495,250.0430577869024,2441.469140625,226.51233408815375,1689.1446777346166,154.90017246070718,1718.4468632563949,1046.848534557988,1718.4285400390625,1046.8483185861228,1540.6715869437903,170.95255726963805,1537.0852817789714,171.70820137776477,0.6576179476442934,0.07906152761516462,14.862176418304443,0.0,15.03515625,0.0,14.34725046157837,0.0,15.03515625,0.0,0.05510139465332031,0.0,0.16530418395996094,0.0,0.22040557861328125,0.0,0.0,0.0,5.105804443359375,0.0,0.0,0.0,1405.791748046875,2745.639477539061,1405.8230004739016,2745.6899868557216,True,True
stagekv_sync_r2,sync,2,4096,ok,5,2187.853442877531,399.7333885251852,2164.7685791015624,414.1482270857652,2187.853442877531,399.7333885251852,2164.7685791015624,414.1482270857652,1958.9544105772095,439.9542141253439,1645.5540401861072,753.3818950741305,1641.78564453125,756.498213010807,1474.3013044384618,318.5877362776022,1462.6998105112712,320.58274203760055,0.709352942176128,0.14710361325992766,14.895556449890137,0.0,15.19140625,0.0,14.380156993865967,0.0,15.19140625,0.0,0.11020278930664062,0.0,0.11020278930664062,0.0,0.22040557861328125,0.0,0.0,0.0,3.40386962890625,0.0,0.0,0.0,1401.42529296875,2510.2307617187466,1402.68002753146,2545.215641730463,True,True
stagekv_sync_r4,sync,4,4096,ok,5,422.90249755606055,2.741140758046244,422.8775390625,2.723194106678271,422.90249755606055,2.741140758046244,422.8775390625,2.723194106678271,9686.339555784283,62.167782647386815,24.952808395028114,1.8468842425359178,24.947699356079102,1.8469473996583874,24.291663964589436,1.1999774308079851,24.28625399271647,1.1999523792733984,41.2520089647599,1.9350608128489368,15.000550746917725,0.0,15.3671875,0.0,14.483302593231201,0.0,15.3671875,0.0,0.22040557861328125,0.0,0.0,0.0,0.22040557861328125,0.0,0.0,0.0,0.0,0.0,0.0,0.0,23.961487770080566,26.40026969909668,23.966788314282894,26.405596896074712,True,True
stagekv_async_r0,async,0,4096,ok,5,3202.049063052982,278.7889499258513,3190.648291015625,301.79949889263696,3202.049063052982,278.7889499258513,3190.648291015625,301.79949889263696,1293.8578365547726,133.83114364483393,2770.6473807804286,1055.1449374322601,2756.5805908203124,1060.6743422239072,2393.3250421347716,544.9586991642232,2390.121744817098,544.7683470136509,0.4373193314827403,0.10619480715827478,14.780145168304443,0.0,15.0078125,0.0,14.27266263961792,0.0,15.02734375,0.0,0.0,0.0,0.22040557861328125,0.0,0.22040557861328125,0.0,0.007871627807617188,0.0,6.8077392578125,0.0,65644.57460939288,17464.838937963174,2298.008056640625,4099.438745117188,2298.0205165222287,4099.461136176251,True,True
stagekv_async_r1,async,1,4096,ok,5,2368.406252004206,181.05753892755234,2334.84189453125,191.28787472902027,2368.406252004206,181.05753892755234,2334.84189453125,191.28787472902027,1764.3812495136349,154.1724926116422,1829.8550069332123,1083.3212516024105,1828.438427734375,1084.7732978324625,1507.6041812822223,352.5149876258355,1500.4618587239584,350.60661646934955,0.6936490326127867,0.1470886847869977,14.862176418304443,0.0,15.0078125,0.0,14.35469388961792,0.0,15.02734375,0.0,0.05510139465332031,0.0,0.16530418395996094,0.0,0.22040557861328125,0.0,0.007871627807617188,0.0,5.105804443359375,0.0,38317.735642424224,12052.25113485039,1406.14404296875,2600.243481445312,1441.3090359885246,2600.261785602197,True,True
stagekv_async_r2,async,2,4096,ok,5,1986.192324012518,682.6800408130497,1947.6252685546874,679.7320907475516,1986.192324012518,682.6800408130497,1947.6252685546874,679.7320907475516,2315.794803005542,781.4358699652403,1987.3750003054738,603.4219086065792,1986.1864013671875,602.5937898286488,1457.8527366525184,196.29792352398005,1454.033333638509,197.7598046413139,0.6979124715935527,0.09405084626234156,14.895556449890137,0.0,15.19140625,0.0,14.38617992401123,0.0,15.2109375,0.0,0.11020278930664062,0.0,0.11020278930664062,0.0,0.22040557861328125,0.0,0.007871627807617188,0.0,3.40386962890625,0.0,38695.59369775653,7717.090357498761,1396.2747802734375,2307.8462036132814,1396.9854607712477,2307.9074196284637,True,True
stagekv_async_r4,async,4,4096,ok,5,424.0710132755339,1.720902634847724,424.0482238769531,1.72834160076894,424.0710132755339,1.720902634847724,424.0482238769531,1.72834160076894,9659.407095176452,39.360436828346295,25.06425492465496,0.8735569759688042,25.059008026123045,0.872943210223352,24.49432534476121,0.49684900034821494,24.488767789204914,0.49636684805323605,40.848189872028954,0.8105318587843396,15.000550746917725,0.0,15.3671875,0.0,14.483302593231201,0.0,15.3671875,0.0,0.22040557861328125,0.0,0.0,0.0,0.22040557861328125,0.0,0.0,0.0,0.0,0.0,0.0,0.0,24.36403179168701,25.576022624969482,24.369249818846583,25.58197600301355,True,True
