status,generated_token_ids,step_top1_ids,prefill_wall_ms,prefill_cuda_ms,time_to_first_token_wall_ms,time_to_first_token_cuda_ms,prefill_tokens_per_second,decode_step_wall_ms,decode_step_cuda_ms,decode_step_h2d_event_ms,decode_first_step_wall_ms,decode_first_step_cuda_ms,decode_steady_wall_mean_ms,decode_steady_cuda_mean_ms,decode_steady_cuda_p50_ms,decode_steady_cuda_p95_ms,decode_steady_tokens_per_second,prefill_peak_gpu_allocated_gib,prefill_peak_gpu_reserved_gib,decode_peak_gpu_allocated_gib,decode_peak_gpu_reserved_gib,cpu_rss_before_gib,cpu_rss_after_gib,cpu_rss_delta_gib,cache_gpu_gib,cache_cpu_gib,cache_total_gib,cache_ratio,theoretical_cache_gib,staging_gpu_gib,h2d_group_transfers,h2d_gib,async_prefetch_groups,async_h2d_event_total_ms,dedicated_transfer_stream_enabled,generated_tokens,decode_forward_steps,method,family,resident_kv_heads_r,kv_group_size_g,sequence_length,trial,is_warmup,round_order_position,decode_tokens,same_generated_sequence_as_standard,all_step_top1_equal_as_standard
ok,"[220, 16, 15, 15, 4, 220, 16, 15, 15, 4, 220, 16, 15, 15, 4, 220, 16, 15, 15, 4, 220, 16, 15, 15, 4, 220, 16, 15, 15, 4, 220, 16]","[220, 16, 15, 15, 4, 220, 16, 15, 15, 4, 220, 16, 15, 15, 4, 220, 16, 15, 15, 4, 220, 16, 15, 15, 4, 220, 16, 15, 15, 4, 220, 16]",3934.965827036649,3934.927978515625,3934.965827036649,3934.927978515625,1040.933918578387,"[2359.696054831147, 2100.7491261698306, 2199.0933190099895, 2305.379436351359, 2095.118277706206, 2300.92369671911, 2398.4080110676587, 1698.7966638989747, 1711.8984563276172, 1897.8645629249513, 2290.484237950295, 2205.9394167736173, 2004.07237932086, 1693.1726620532572, 2112.4006123282015, 1884.9200420081615, 1910.0994882173836, 1503.0592232942581, 1401.9191730767488, 1688.3851359598339, 1709.2528981156647, 1586.6689309477806, 1500.3909040242434, 1914.8354222998023, 2083.0363612622023, 1803.6195891909301, 1906.5450690686703, 1503.6871377378702, 1484.4219461083412, 1400.6781680509448, 48.66572516039014]","[2359.68603515625, 2100.744384765625, 2199.087890625, 2305.3720703125, 2095.1142578125, 2300.91357421875, 2398.40234375, 1698.791015625, 1703.674560546875, 1891.12744140625, 2290.477783203125, 2205.9326171875, 2004.015380859375, 1693.1685791015625, 2112.39404296875, 1884.91552734375, 1902.29296875, 1492.600830078125, 1401.9161376953125, 1688.3797607421875, 1700.7767333984375, 1586.6644287109375, 1500.38427734375, 1914.82470703125, 2083.026611328125, 1803.6142578125, 1898.4171142578125, 1492.6746826171875, 1484.4169921875, 1400.6722412109375, 48.660640716552734]","[0.0, 0.0, 0.0, 0.0, 0.0, 0.0, 0.0, 0.0, 0.0, 0.0, 0.0, 0.0, 0.0, 0.0, 0.0, 0.0, 0.0, 0.0, 0.0, 0.0, 0.0, 0.0, 0.0, 0.0, 0.0, 0.0, 0.0, 0.0, 0.0, 0.0, 0.0]",2359.696054831147,2359.68603515625,1811.4828691041719,1809.448461786906,1888.021484375,2303.3657470703124,0.5526545912296713,14.862176418304443,15.03515625,14.34725046157837,15.03515625,0.8149452209472656,1.5512733459472656,0.736328125,0.05510139465332031,0.16530418395996094,0.22040557861328125,1.0,0.22040557861328125,0.0,1736,5.105804443359375,0,0.0,False,32,31,stagekv_sync_r1,sync,1,2,4096,1,True,0,32,True,True
ok,"[220, 16, 15, 15, 4, 220, 16, 15, 15, 4, 220, 16, 15, 15, 4, 220, 16, 15, 15, 4, 220, 16, 15, 15, 4, 220, 16, 15, 15, 4, 220, 16]","[220, 16, 15, 15, 4, 220, 16, 15, 15, 4, 220, 16, 15, 15, 4, 220, 16, 15, 15, 4, 220, 16, 15, 15, 4, 220, 16, 15, 15, 4, 220, 16]",2460.22990019992,2460.221435546875,2460.22990019992,2460.221435546875,1664.8907861781609,"[1886.7903086356819, 2106.700167991221, 2395.6151008605957, 2675.8656902238727, 1922.3232958465815, 1895.72386816144, 2499.872513115406, 1603.0598976649344, 1897.9579568840563, 1401.643166784197, 1601.803874131292, 2097.949411254376, 1678.6672370508313, 1699.5348487980664, 1622.2147457301617, 1700.6107540801167, 1484.403669834137, 2095.339340157807, 2400.6733908317983, 2214.28761491552, 2305.405898950994, 2279.7689302824438, 3199.744319077581, 2799.641322810203, 2301.7129781655967, 1798.4461761079729, 1697.5150550715625, 1801.3554927892983, 1702.572951093316, 1800.8839087560773, 57.16696521267295]","[1886.7855224609375, 2106.6923828125, 2395.60595703125, 2617.84228515625, 1922.3194580078125, 1885.470703125, 2490.47900390625, 1603.0526123046875, 1897.9468994140625, 1401.6368408203125, 1601.798095703125, 2097.941650390625, 1678.5888671875, 1623.6727294921875, 1622.20947265625, 1700.6038818359375, 1478.5321044921875, 2095.33349609375, 2400.66748046875, 2204.000244140625, 2305.397705078125, 2279.7626953125, 3199.73779296875, 2799.633056640625, 2301.706298828125, 1798.4378662109375, 1697.50830078125, 1801.34814453125, 1702.56689453125, 1800.8773193359375, 57.1616325378418]","[0.0, 0.0, 0.0, 0.0, 0.0, 0.0, 0.0, 0.0, 0.0, 0.0, 0.0, 0.0, 0.0, 0.0, 0.0, 0.0, 0.0, 0.0, 0.0, 0.0, 0.0, 0.0, 0.0, 0.0, 0.0, 0.0, 0.0, 0.0, 0.0, 0.0, 0.0]",1886.7903086356819,1886.7855224609375,1957.948684754471,1952.2843957265218,1891.7088012695312,2717.8272094726553,0.5122204542478355,14.895556449890137,15.19140625,14.380156993865967,15.19140625,1.5512733459472656,1.5512733459472656,0.0,0.11020278930664062,0.11020278930664062,0.22040557861328125,1.0,0.22040557861328125,0.0,868,3.40386962890625,0,0.0,False,32,31,stagekv_sync_r2,sync,2,2,4096,1,True,1,32,True,True
ok,"[220, 16, 15, 15, 4, 220, 16, 15, 15, 4, 220, 16, 15, 15, 4, 220, 16, 15, 15, 4, 220, 16, 15, 15, 4, 220, 16, 15, 15, 4, 220, 16]","[220, 16, 15, 15, 4, 220, 16, 15, 15, 4, 220, 16, 15, 15, 4, 220, 16, 15, 15, 4, 220, 16, 15, 15, 4, 220, 16, 15, 15, 4, 220, 16]",425.3277718089521,425.3204345703125,425.3277718089521,425.3204345703125,9630.38609733872,"[24.34844011440873, 24.137413129210472, 24.142824113368988, 24.062002077698708, 24.015064351260662, 24.116114247590303, 24.746027775108814, 24.07750114798546, 24.139678105711937, 24.147102143615484, 24.025913793593645, 24.047765415161848, 24.275352712720633, 24.019813165068626, 24.06152104958892, 24.042214266955853, 24.029080290347338, 24.06523795798421, 24.12729524075985, 24.30492825806141, 24.401330389082432, 24.522617924958467, 24.411949794739485, 24.43150570616126, 26.86634100973606, 24.647301994264126, 24.494153913110495, 24.540291167795658, 24.375171400606632, 24.45125300437212, 24.346848018467426]","[24.343551635742188, 24.131872177124023, 24.137727737426758, 24.0578556060791, 24.010751724243164, 24.111167907714844, 24.74188804626465, 24.072895050048828, 24.13465690612793, 24.142623901367188, 24.020992279052734, 24.043264389038086, 24.26995277404785, 24.015871047973633, 24.056127548217773, 24.037376403808594, 24.025087356567383, 24.059904098510742, 24.12236785888672, 24.3002872467041, 24.395776748657227, 24.51763153076172, 24.407072067260742, 24.426496505737305, 26.867679595947266, 24.643583297729492, 24.48896026611328, 24.534975051879883, 24.370176315307617, 24.445951461791992, 24.34124755859375]","[0.0, 0.0, 0.0, 0.0, 0.0, 0.0, 0.0, 0.0, 0.0, 0.0, 0.0, 0.0, 0.0, 0.0, 0.0, 0.0, 0.0, 0.0, 0.0, 0.0, 0.0, 0.0, 0.0, 0.0, 0.0, 0.0, 0.0, 0.0, 0.0, 0.0, 0.0]",24.34844011440873,24.343551635742188,24.33572045216958,24.331074015299478,24.140175819396973,24.697650909423828,41.099706464712405,15.000550746917725,15.3671875,14.483302593231201,15.3671875,1.5512733459472656,1.5512733459472656,0.0,0.22040557861328125,0.0,0.22040557861328125,1.0,0.22040557861328125,0.0,0,0.0,0,0.0,False,32,31,stagekv_sync_r4,sync,4,2,4096,1,True,2,32,True,True
ok,"[220, 16, 15, 15, 4, 220, 16, 15, 15, 4, 220, 16, 15, 15, 4, 220, 16, 15, 15, 4, 220, 16, 15, 15, 4, 220, 16, 15, 15, 4, 220, 16]","[220, 16, 15, 15, 4, 220, 16, 15, 15, 4, 220, 16, 15, 15, 4, 220, 16, 15, 15, 4, 220, 16, 15, 15, 4, 220, 16, 15, 15, 4, 220, 16]",3564.1242461279035,3501.645751953125,3564.1242461279035,3501.645751953125,1169.7356872023277,"[6229.105374775827, 6197.7274138480425, 5693.947287276387, 5695.933778304607, 5002.266697119921, 4894.30035604164, 4283.381175249815, 3500.677437055856, 3184.8350088112056, 3716.549125034362, 5481.863566208631, 6114.272500853986, 5482.033803127706, 6395.384156145155, 5678.832918871194, 5201.935746241361, 3395.627429243177, 4198.613196611404, 5701.135748066008, 4091.230799909681, 5296.713185030967, 5097.212411928922, 5092.613879125565, 3996.5895828790963, 5701.757113914937, 5593.193816952407, 5406.6314729861915, 5296.726199798286, 5202.100936789066, 5901.349992956966, 57.28670535609126]","[6223.95068359375, 6193.07421875, 5693.9375, 5695.9140625, 5002.25830078125, 4894.2255859375, 4283.37109375, 3500.668212890625, 3184.8271484375, 3716.537353515625, 5481.845703125, 6114.2607421875, 5482.02001953125, 6387.4560546875, 5678.7724609375, 5201.9208984375, 3395.61767578125, 4198.58935546875, 5701.119140625, 4091.216796875, 5296.6962890625, 5097.2001953125, 5086.21923828125, 3987.2451171875, 5701.74169921875, 5593.18017578125, 5400.88525390625, 5296.65771484375, 5202.07373046875, 5901.32373046875, 57.28083038330078]","[6041.122580051422, 6115.579448699951, 5517.82540678978, 5304.839630365372, 4745.49942946434, 4650.499991893768, 3951.657930135727, 3075.32918715477, 3111.275079846382, 3547.0775694847107, 5143.023984193802, 5981.866262674332, 4935.766772508621, 6226.286541938782, 5304.379651546478, 4936.954968690872, 2959.004569530487, 3663.1366543769836, 5474.169100522995, 4038.6111295223236, 4957.877103090286, 4770.217650175095, 4486.75116455555, 3839.1871172189713, 5499.308307886124, 5083.1416581869125, 5007.622616529465, 4969.845623493195, 4982.853811979294, 5449.748948574066, 34.384063839912415]",6229.105374775827,6223.95068359375,4885.090781391288,4883.937876637777,5249.36572265625,6157.608154296875,0.2047528091590765,14.780145168304443,15.0078125,14.27266263961792,15.02734375,1.5512733459472656,1.9946327209472656,0.443359375,0.0,0.22040557861328125,0.22040557861328125,1.0,0.22040557861328125,0.007871627807617188,1736,6.8077392578125,1736,143804.84395492077,True,32,31,stagekv_async_r0,async,0,2,4096,1,True,3,32,True,True
ok,"[220, 16, 15, 15, 4, 220, 16, 15, 15, 4, 220, 16, 15, 15, 4, 220, 16, 15, 15, 4, 220, 16, 15, 15, 4, 220, 16, 15, 15, 4, 220, 16]","[220, 16, 15, 15, 4, 220, 16, 15, 15, 4, 220, 16, 15, 15, 4, 220, 16, 15, 15, 4, 220, 16, 15, 15, 4, 220, 16, 15, 15, 4, 220, 16]",2868.8543550670147,2868.846435546875,2868.8543550670147,2868.846435546875,1427.7515691491512,"[2304.6802296303213, 2783.313042949885, 2704.1048211976886, 2798.369698226452, 2987.1761039830744, 2878.7187268026173, 2717.1623720787466, 2300.226176623255, 2878.4092436544597, 2599.3058630265296, 2800.4723987542093, 2778.543838765472, 2607.273283880204, 2377.2422461770475, 2201.0667119175196, 2493.7894479371607, 2000.0593028962612, 2092.8674722090364, 2181.20454903692, 1997.1154453232884, 2094.216860830784, 1600.4597102291882, 1799.3047409690917, 1400.7567926310003, 1801.38547020033, 1390.4249821789563, 1406.1878868378699, 1901.0805780999362, 2099.657171871513, 1877.4939109571278, 50.29459996148944]","[2304.66650390625, 2783.300537109375, 2704.093994140625, 2798.3564453125, 2987.16650390625, 2878.70361328125, 2717.153076171875, 2300.212158203125, 2878.393310546875, 2599.298095703125, 2800.46142578125, 2778.534912109375, 2601.040771484375, 2377.232666015625, 2201.05078125, 2493.781982421875, 2000.052001953125, 2081.703857421875, 2181.19482421875, 1997.106201171875, 2002.2548828125, 1600.4522705078125, 1799.2962646484375, 1400.7501220703125, 1801.376708984375, 1390.4185791015625, 1406.1802978515625, 1901.0714111328125, 2099.6474609375, 1877.486572265625, 50.28947067260742]","[2241.6606473624706, 2541.3414918780327, 2566.2776503562927, 2189.0281892865896, 2521.7900112867355, 2521.975769162178, 2567.852981105447, 2016.9588882774115, 2218.733144029975, 2366.8604475408792, 2512.9420136511326, 2729.633197724819, 2222.4745813012123, 1855.9827750325203, 1941.6899465471506, 2176.64650785923, 1963.6698382943869, 1892.5604644268751, 1966.6734164208174, 1748.7716610133648, 1729.1464118212461, 1540.3973498344421, 1268.7800230234861, 1083.3267665803432, 1122.8889670670033, 1035.548801317811, 1027.3533841371536, 1318.4322195649147, 1680.6824280917645, 1510.9287314265966, 27.52022399008274]",2304.6802296303213,2304.66650390625,2186.589448340237,2182.9353733062744,2191.122802734375,2878.5639770507814,0.45809876564756,14.862176418304443,15.0078125,14.35469388961792,15.02734375,1.9946327209472656,1.9946327209472656,0.0,0.05510139465332031,0.16530418395996094,0.22040557861328125,1.0,0.22040557861328125,0.007871627807617188,1736,5.105804443359375,1736,58108.528929412365,True,32,31,stagekv_async_r1,async,1,2,4096,1,True,4,32,True,True
ok,"[220, 16, 15, 15, 4, 220, 16, 15, 15, 4, 220, 16, 15, 15, 4, 220, 16, 15, 15, 4, 220, 16, 15, 15, 4, 220, 16, 15, 15, 4, 220, 16]","[220, 16, 15, 15, 4, 220, 16, 15, 15, 4, 220, 16, 15, 15, 4, 220, 16, 15, 15, 4, 220, 16, 15, 15, 4, 220, 16, 15, 15, 4, 220, 16]",3373.2800628058612,3373.27001953125,3373.2800628058612,3373.27001953125,1214.2520392035442,"[2296.9519128091633, 1890.3767582960427, 1402.966617140919, 1400.8066216483712, 1497.2964110784233, 1575.6161119788885, 1620.9906688891351, 1584.4166073948145, 1805.9793217107654, 1700.9955449029803, 1991.3376402109861, 1604.4143717736006, 1498.1470019556582, 2294.757605995983, 1899.71135975793, 1697.8110512718558, 1680.5008430965245, 1817.674744874239, 2702.479768078774, 1898.0149421840906, 1596.169598866254, 2298.4499847516418, 1821.819694712758, 2203.221997246146, 2615.938781760633, 2780.6936861015856, 1885.6332739815116, 1699.7690671123564, 2281.7755956202745, 1593.5515607707202, 48.685268964618444]","[2296.9375, 1890.3675537109375, 1402.959716796875, 1400.7989501953125, 1497.2877197265625, 1505.10498046875, 1620.9827880859375, 1579.6131591796875, 1805.972412109375, 1700.9869384765625, 1991.333740234375, 1604.4073486328125, 1498.1396484375, 2294.748779296875, 1899.7032470703125, 1697.802490234375, 1680.4935302734375, 1817.66650390625, 2702.46875, 1898.0064697265625, 1596.1610107421875, 2298.440673828125, 1821.811767578125, 2203.2158203125, 2615.929931640625, 2780.68310546875, 1885.6282958984375, 1699.7611083984375, 2281.765869140625, 1593.543701171875, 48.681983947753906]","[2057.567444086075, 1659.6901032924652, 1184.1295669078827, 1294.5157058238983, 1444.3555645942688, 1297.1151912212372, 1339.3536465168, 1009.6040744781494, 1314.5523436069489, 1191.0982718467712, 1606.71448969841, 1293.157217502594, 770.6465361118317, 1932.1365778446198, 1479.3403825759888, 1313.2956112623215, 1445.1333742141724, 1515.108155488968, 2098.6769292354584, 1488.0402586460114, 1024.868611574173, 1861.8088209629059, 1298.3676991462708, 2090.6320564746857, 2107.66406083107, 2505.0158879756927, 1555.457942724228, 1343.928544998169, 1936.9576342105865, 1165.2671067714691, 19.936319947242737]",2296.9519128091633,2296.9375,1813.0000834042828,1810.4822664896647,1753.4796752929688,2663.526281738281,0.552339019557974,14.895556449890137,15.19140625,14.38617992401123,15.2109375,1.9946327209472656,1.9946327209472656,0.0,0.11020278930664062,0.11020278930664062,0.22040557861328125,1.0,0.22040557861328125,0.007871627807617188,868,3.40386962890625,868,45644.136130571365,True,32,31,stagekv_async_r2,async,2,2,4096,1,True,5,32,True,True
ok,"[220, 16, 15, 15, 4, 220, 16, 15, 15, 4, 220, 16, 15, 15, 4, 220, 16, 15, 15, 4, 220, 16, 15, 15, 4, 220, 16, 15, 15, 4, 220, 16]","[220, 16, 15, 15, 4, 220, 16, 15, 15, 4, 220, 16, 15, 15, 4, 220, 16, 15, 15, 4, 220, 16, 15, 15, 4, 220, 16, 15, 15, 4, 220, 16]",422.47456405311823,422.46429443359375,422.47456405311823,422.46429443359375,9695.493924502161,"[25.176506023854017, 24.91707867011428, 25.005104020237923, 24.797474034130573, 24.860411882400513, 24.868899025022984, 24.953536689281464, 24.912799708545208, 24.84505297616124, 24.873546790331602, 24.77249689400196, 24.914303328841925, 24.9929609708488, 24.871223140507936, 24.92037508636713, 24.82096804305911, 24.74700938910246, 24.98765103518963, 24.85178643837571, 25.095704942941666, 25.14441590756178, 25.192576926201582, 25.22542793303728, 25.109028909355402, 25.187277235090733, 25.13507893308997, 25.186586193740368, 25.300018955022097, 25.085255037993193, 25.131321977823973, 25.085775647312403]","[25.171968460083008, 24.91187286376953, 24.999967575073242, 24.793088912963867, 24.856447219848633, 24.863744735717773, 24.94870376586914, 24.90777587890625, 24.840192794799805, 24.868864059448242, 24.767488479614258, 24.908960342407227, 24.988672256469727, 24.866016387939453, 24.915008544921875, 24.816511154174805, 24.740768432617188, 24.982528686523438, 24.846431732177734, 25.090944290161133, 25.13920021057129, 25.187328338623047, 25.220096588134766, 25.10335922241211, 25.182048797607422, 25.130111694335938, 25.181184768676758, 25.29484748840332, 25.07980728149414, 25.12598419189453, 25.08083152770996]","[0.0, 0.0, 0.0, 0.0, 0.0, 0.0, 0.0, 0.0, 0.0, 0.0, 0.0, 0.0, 0.0, 0.0, 0.0, 0.0, 0.0, 0.0, 0.0, 0.0, 0.0, 0.0, 0.0, 0.0, 0.0, 0.0, 0.0, 0.0, 0.0, 0.0, 0.0]",25.176506023854017,25.171968460083008,24.993038224056363,24.98795960744222,24.96561622619629,25.205350875854492,40.01927391071049,15.000550746917725,15.3671875,14.483302593231201,15.3671875,1.9946327209472656,1.9946327209472656,0.0,0.22040557861328125,0.0,0.22040557861328125,1.0,0.22040557861328125,0.0,0,0.0,0,0.0,False,32,31,stagekv_async_r4,async,4,2,4096,1,True,6,32,True,True
ok,"[220, 16, 15, 15, 4, 220, 16, 15, 15, 4, 220, 16, 15, 15, 4, 220, 16, 15, 15, 4, 220, 16, 15, 15, 4, 220, 16, 15, 15, 4, 220, 16]","[220, 16, 15, 15, 4, 220, 16, 15, 15, 4, 220, 16, 15, 15, 4, 220, 16, 15, 15, 4, 220, 16, 15, 15, 4, 220, 16, 15, 15, 4, 220, 16]",409.72931077703834,409.7177734375,409.72931077703834,409.7177734375,9997.125498449534,"[21.87082404270768, 21.71493135392666, 21.54430001974106, 21.565400063991547, 21.6773496940732, 21.498965099453926, 21.443771198391914, 21.480139810591936, 21.543188020586967, 21.545242052525282, 21.68894186615944, 21.457907743752003, 21.532237995415926, 21.662903018295765, 21.4553433470428, 21.39400690793991, 21.560109686106443, 21.464329678565264, 21.459850948303938, 21.55639324337244, 21.391172893345356, 21.469740197062492, 21.553387865424156, 21.41567785292864, 21.419785916805267, 21.459159906953573, 21.531194914132357, 21.557083819061518, 21.41922479495406, 21.38351835310459, 21.5000556781888]","[21.8654727935791, 21.709632873535156, 21.537792205810547, 21.560319900512695, 21.67193603515625, 21.493759155273438, 21.437440872192383, 21.47532844543457, 21.537792205810547, 21.539775848388672, 21.68320083618164, 21.452800750732422, 21.526592254638672, 21.65760040283203, 21.45075225830078, 21.38902473449707, 21.554176330566406, 21.45894432067871, 21.454879760742188, 21.551103591918945, 21.386240005493164, 21.46406364440918, 21.548959732055664, 21.410816192626953, 21.4149112701416, 21.45382308959961, 21.526527404785156, 21.551103591918945, 21.4149112701416, 21.378047943115234, 21.495616912841797]","[0.0, 0.0, 0.0, 0.0, 0.0, 0.0, 0.0, 0.0, 0.0, 0.0, 0.0, 0.0, 0.0, 0.0, 0.0, 0.0, 0.0, 0.0, 0.0, 0.0, 0.0, 0.0, 0.0, 0.0, 0.0, 0.0, 0.0, 0.0, 0.0, 0.0, 0.0]",21.87082404270768,21.8654727935791,21.51151046467324,21.506262461344402,21.494688034057617,21.678131675720216,46.49808407190284,14.999261379241943,15.20703125,14.511165142059326,15.20703125,1.9946327209472656,1.9946327209472656,0.0,0.22040557861328125,0.0,0.22040557861328125,1.0,0.22040557861328125,0.0,0,0.0,0,0.0,False,32,31,standard,standard,,,4096,1,True,7,32,True,True
ok,"[220, 16, 15, 15, 4, 220, 16, 15, 15, 4, 220, 16, 15, 15, 4, 220, 16, 15, 15, 4, 220, 16, 15, 15, 4, 220, 16, 15, 15, 4, 220, 16]","[220, 16, 15, 15, 4, 220, 16, 15, 15, 4, 220, 16, 15, 15, 4, 220, 16, 15, 15, 4, 220, 16, 15, 15, 4, 220, 16, 15, 15, 4, 220, 16]",3267.4218197353184,3267.411865234375,3267.4218197353184,3267.411865234375,1253.591579188989,"[4388.2605019025505, 3396.297645289451, 3199.6711641550064, 3599.886604119092, 4079.576533753425, 4020.3342279419303, 4498.538012150675, 4700.833309907466, 4800.933963619173, 5799.176477827132, 5382.890724111348, 4617.3917832784355, 4198.4943151474, 4501.387533731759, 3180.6963072158396, 3900.7690669968724, 3500.283103901893, 4099.138400051743, 3215.641733724624, 3284.1760241426528, 3104.8231022432446, 3199.0813482552767, 3894.9884232133627, 3911.038482096046, 3786.917575635016, 4002.331200055778, 3703.5139091312885, 3595.13797191903, 2799.7283921577036, 2515.5177116394043, 144.06484412029386]","[4388.2373046875, 3396.287353515625, 3199.658935546875, 3599.86474609375, 4079.564697265625, 4020.3212890625, 4498.525390625, 4700.8212890625, 4800.91748046875, 5799.1640625, 5382.876953125, 4617.376953125, 4198.48095703125, 4501.3740234375, 3180.68017578125, 3900.736572265625, 3500.253173828125, 4099.10546875, 3215.61083984375, 3284.14990234375, 3104.806884765625, 3199.0546875, 3894.958984375, 3903.209228515625, 3786.884765625, 4002.298583984375, 3703.4853515625, 3595.109375, 2799.7060546875, 2515.44677734375, 144.06040954589844]","[0.0, 0.0, 0.0, 0.0, 0.0, 0.0, 0.0, 0.0, 0.0, 0.0, 0.0, 0.0, 0.0, 0.0, 0.0, 0.0, 0.0, 0.0, 0.0, 0.0, 0.0, 0.0, 0.0, 0.0, 0.0, 0.0, 0.0, 0.0, 0.0, 0.0, 0.0]",4388.2605019025505,4388.2373046875,3754.441996384412,3754.1597122192384,3840.921875,5120.995190429686,0.2663711926653378,14.780145168304443,15.03515625,14.26521921157837,15.03515625,1.9946327209472656,1.9946327209472656,0.0,0.0,0.22040557861328125,0.22040557861328125,1.0,0.22040557861328125,0.0,1736,6.8077392578125,0,0.0,False,32,31,stagekv_sync_r0,sync,0,2,4096,1,True,8,32,True,True
ok,"[220, 16, 15, 15, 4, 220, 16, 15, 15, 4, 220, 16, 15, 15, 4, 220, 16, 15, 15, 4, 220, 16, 15, 15, 4, 220, 16, 15, 15, 4, 220, 16]","[220, 16, 15, 15, 4, 220, 16, 15, 15, 4, 220, 16, 15, 15, 4, 220, 16, 15, 15, 4, 220, 16, 15, 15, 4, 220, 16, 15, 15, 4, 220, 16]",424.8503437265754,424.7930908203125,424.8503437265754,424.7930908203125,9642.34138575622,"[24.997576605528593, 23.39165983721614, 23.49081775173545, 23.336005862802267, 23.364790249615908, 23.320286069065332, 23.314714897423983, 23.240155074745417, 23.35448982194066, 23.31101894378662, 23.233782965689898, 23.34095584228635, 23.25896080583334, 23.326628375798464, 23.30168103799224, 23.25934125110507, 23.28729396685958, 23.441514000296593, 23.330355063080788, 24.037266615778208, 23.644927889108658, 23.62043084576726, 23.49956426769495, 23.647412192076445, 23.74878292903304, 23.54585099965334, 23.672088980674744, 23.60387099906802, 23.678141180425882, 23.609750904142857, 23.661859799176455]","[24.99875259399414, 23.387136459350586, 23.48543930053711, 23.331615447998047, 23.359487533569336, 23.315391540527344, 23.30931282043457, 23.234560012817383, 23.34943962097168, 23.306079864501953, 23.228639602661133, 23.335935592651367, 23.254016876220703, 23.32147216796875, 23.29702377319336, 23.254976272583008, 23.28268814086914, 23.429119110107422, 23.325376510620117, 24.028352737426758, 23.639039993286133, 23.615488052368164, 23.49465560913086, 23.642112731933594, 23.743488311767578, 23.540735244750977, 23.666688919067383, 23.599103927612305, 23.672832489013672, 23.604223251342773, 23.657472610473633]","[0.0, 0.0, 0.0, 0.0, 0.0, 0.0, 0.0, 0.0, 0.0, 0.0, 0.0, 0.0, 0.0, 0.0, 0.0, 0.0, 0.0, 0.0, 0.0, 0.0, 0.0, 0.0, 0.0, 0.0, 0.0, 0.0, 0.0, 0.0, 0.0, 0.0, 0.0]",24.997576605528593,24.99875259399414,23.462479980662465,23.457063484191895,23.37331199645996,23.71169319152832,42.6310821332737,15.000550746917725,15.3671875,14.483302593231201,15.3671875,1.9946327209472656,1.9946327209472656,0.0,0.22040557861328125,0.0,0.22040557861328125,1.0,0.22040557861328125,0.0,0,0.0,0,0.0,False,32,31,stagekv_sync_r4,sync,4,2,4096,2,True,0,32,True,True
ok,"[220, 16, 15, 15, 4, 220, 16, 15, 15, 4, 220, 16, 15, 15, 4, 220, 16, 15, 15, 4, 220, 16, 15, 15, 4, 220, 16, 15, 15, 4, 220, 16]","[220, 16, 15, 15, 4, 220, 16, 15, 15, 4, 220, 16, 15, 15, 4, 220, 16, 15, 15, 4, 220, 16, 15, 15, 4, 220, 16, 15, 15, 4, 220, 16]",3360.6452750973403,3297.553466796875,3360.6452750973403,3297.553466796875,1242.1330059520483,"[5620.228943880647, 5000.756761059165, 3905.434784013778, 3424.373945686966, 3994.518266990781, 3682.327574584633, 4017.4329481087625, 4598.506482318044, 4777.078740764409, 3501.58065604046, 3500.693025998771, 3088.1317439489067, 3811.0019341111183, 3585.1218379102647, 3594.3759959191084, 3590.231621172279, 3095.2467848546803, 3793.6146832071245, 3394.919313956052, 3184.7896007820964, 3492.1081522479653, 2996.191506739706, 2686.167810112238, 2893.640669994056, 3386.437230743468, 3695.6731071695685, 3411.147599108517, 3819.20592719689, 3500.924261752516, 3400.600200984627, 153.96233880892396]","[5620.1884765625, 5000.72021484375, 3905.404296875, 3424.34619140625, 3994.48779296875, 3682.2978515625, 4017.40283203125, 4598.47265625, 4684.4384765625, 3501.5537109375, 3500.6669921875, 3088.107421875, 3810.954345703125, 3585.095458984375, 3594.349609375, 3590.200439453125, 3095.224365234375, 3793.587158203125, 3394.894775390625, 3184.765869140625, 3480.60888671875, 2985.232177734375, 2686.146484375, 2893.619140625, 3386.412109375, 3695.640625, 3411.104736328125, 3819.177978515625, 3500.8994140625, 3400.57666015625, 153.9567413330078]","[5265.665418386459, 4439.201016187668, 3471.157859325409, 2699.435878276825, 3447.6717081069946, 3310.586243867874, 3660.606364130974, 4191.286058425903, 4191.371006727219, 3058.798770427704, 3263.1427416801453, 2169.3816392421722, 3484.0093133449554, 3362.3289997577667, 3206.0179097652435, 3153.8984212875366, 2745.609842777252, 3362.409122467041, 3055.895664215088, 3030.43967962265, 3444.8380806446075, 2659.289002895355, 2185.8589129447937, 2570.524325609207, 3141.021023273468, 3460.451830625534, 2987.070522069931, 3393.578679561615, 3261.7919921875, 2895.6461811065674, 44.29667216539383]",5620.228943880647,5620.1884765625,3499.206516876196,3495.3448471069337,3501.2265625,4645.753857421874,0.2860948043016961,14.780145168304443,15.0078125,14.27266263961792,15.02734375,1.9946327209472656,1.9965858459472656,0.001953125,0.0,0.22040557861328125,0.22040557861328125,1.0,0.22040557861328125,0.007871627807617188,1736,6.8077392578125,1736,98613.28088110685,True,32,31,stagekv_async_r0,async,0,2,4096,2,True,1,32,True,True
ok,"[220, 16, 15, 15, 4, 220, 16, 15, 15, 4, 220, 16, 15, 15, 4, 220, 16, 15, 15, 4, 220, 16, 15, 15, 4, 220, 16, 15, 15, 4, 220, 16]","[220, 16, 15, 15, 4, 220, 16, 15, 15, 4, 220, 16, 15, 15, 4, 220, 16, 15, 15, 4, 220, 16, 15, 15, 4, 220, 16, 15, 15, 4, 220, 16]",3307.086464948952,3231.92626953125,3307.086464948952,3231.92626953125,1267.355644407715,"[3017.806643154472, 2902.4378028698266, 2381.4326589927077, 1999.8845253139734, 2716.45127562806, 2081.941094249487, 1599.4462883099914, 1596.7231951653957, 2306.5047268755734, 1910.1669578813016, 1380.712172947824, 2298.323418945074, 1898.6843368038535, 3296.4284801855683, 2598.9884911105037, 1687.2866079211235, 1495.252757333219, 1995.5619652755558, 1600.3116630017757, 1599.1216679103673, 1401.5125860460103, 1602.6818482205272, 1495.3474681824446, 1900.4975948482752, 1899.3958132341504, 1491.0053820349276, 2291.160090826452, 2098.725313320756, 1595.4757020808756, 1894.6129349060357, 47.073506750166416]","[3006.6318359375, 2902.41650390625, 2381.41357421875, 1999.8648681640625, 2716.429931640625, 2081.92431640625, 1599.431640625, 1596.7044677734375, 2306.484130859375, 1910.151123046875, 1380.696044921875, 2298.306640625, 1898.6680908203125, 3296.405517578125, 2598.96826171875, 1687.2745361328125, 1495.24072265625, 1987.524658203125, 1600.2979736328125, 1599.1083984375, 1401.4996337890625, 1602.66748046875, 1495.3350830078125, 1900.481201171875, 1899.3807373046875, 1490.9931640625, 2198.461669921875, 2098.710205078125, 1595.45654296875, 1801.8280029296875, 47.06816101074219]","[2671.890124619007, 2360.3291286975145, 2079.7583135962486, 1848.9565559774637, 2444.6126117110252, 1862.981717467308, 1176.7647732198238, 962.3434940129519, 1801.598684310913, 1406.084253013134, 951.1492084264755, 1894.110659211874, 1451.6130798757076, 3088.283583343029, 2364.239167690277, 1261.6893161088228, 978.6322906464338, 1576.7520080953836, 1259.1475247740746, 1189.254305407405, 1072.8651884645224, 1249.0260289907455, 1068.74607758224, 1419.1093339025974, 1384.725708708167, 1056.4012448191643, 1974.433677971363, 1691.6846120804548, 1454.4706269353628, 1472.1559426039457, 24.245888113975525]",3017.806643154472,3006.6318359375,1902.1049442390602,1895.6397761027017,1899.0244140625,2818.722546386718,0.5275263858705939,14.862176418304443,15.0078125,14.35469388961792,15.02734375,1.9965858459472656,1.9965858459472656,0.0,0.05510139465332031,0.16530418395996094,0.22040557861328125,1.0,0.22040557861328125,0.007871627807617188,1736,5.105804443359375,1736,48498.05513037741,True,32,31,stagekv_async_r1,async,1,2,4096,2,True,2,32,True,True
ok,"[220, 16, 15, 15, 4, 220, 16, 15, 15, 4, 220, 16, 15, 15, 4, 220, 16, 15, 15, 4, 220, 16, 15, 15, 4, 220, 16, 15, 15, 4, 220, 16]","[220, 16, 15, 15, 4, 220, 16, 15, 15, 4, 220, 16, 15, 15, 4, 220, 16, 15, 15, 4, 220, 16, 15, 15, 4, 220, 16, 15, 15, 4, 220, 16]",2354.822551831603,2354.8056640625,2354.822551831603,2354.8056640625,1739.4216696988913,"[2203.147368039936, 2296.6374489478767, 2099.4860329665244, 2404.0801539085805, 2496.1819471791387, 2596.3785550557077, 2203.3534860238433, 2276.736543048173, 2501.51174608618, 2016.7816262692213, 1699.7645846568048, 1820.266393944621, 1999.2323089390993, 2497.197351884097, 1799.2265680804849, 2099.655164871365, 2182.553743943572, 2195.0539988465607, 2418.439689092338, 2381.174861919135, 1698.5210590064526, 1498.2680031098425, 1797.4869599565864, 1716.3607459515333, 1576.9854709506035, 1405.8343833312392, 1594.0243881195784, 1695.672987960279, 1500.324117951095, 1997.8173030540347, 58.89701331034303]","[2203.125732421875, 2296.616943359375, 2099.468017578125, 2404.05810546875, 2496.162841796875, 2596.357421875, 2203.3330078125, 2276.71728515625, 2501.494384765625, 2016.765869140625, 1625.3001708984375, 1820.252197265625, 1999.211181640625, 2497.173583984375, 1799.2120361328125, 2099.63818359375, 2182.538330078125, 2195.039306640625, 2418.422607421875, 2381.15869140625, 1698.5078125, 1498.2532958984375, 1797.47314453125, 1716.3486328125, 1484.2081298828125, 1405.8218994140625, 1594.012451171875, 1695.657958984375, 1500.3115234375, 1997.801513671875, 58.891265869140625]","[2018.0364091396332, 2144.118501186371, 2038.4491773843765, 2302.813266992569, 1980.904040336609, 2368.0241479873657, 2108.0196347236633, 2064.270234823227, 1962.2994599342346, 1667.787294268608, 1205.523905992508, 1287.0723848342896, 1606.974277973175, 2015.8310151100159, 1341.8346246480942, 1615.8023505210876, 1869.54145693779, 1735.919498682022, 1995.6779947280884, 2191.12601852417, 1448.9670991897583, 1075.3784642219543, 1175.483431816101, 1292.814933538437, 1155.9264817237854, 889.4267744421959, 890.4193878173828, 1260.084004163742, 1171.2239725589752, 1565.9563324451447, 23.366240084171295]",2203.147368039936,2203.125732421875,1950.7968212788303,1945.2069264729819,2007.988525390625,2499.5500244140626,0.5140841246196795,14.895556449890137,15.19140625,14.38617992401123,15.2109375,1.9965858459472656,1.9965858459472656,0.0,0.11020278930664062,0.11020278930664062,0.22040557861328125,1.0,0.22040557861328125,0.007871627807617188,868,3.40386962890625,868,49469.072816729546,True,32,31,stagekv_async_r2,async,2,2,4096,2,True,3,32,True,True
ok,"[220, 16, 15, 15, 4, 220, 16, 15, 15, 4, 220, 16, 15, 15, 4, 220, 16, 15, 15, 4, 220, 16, 15, 15, 4, 220, 16, 15, 15, 4, 220, 16]","[220, 16, 15, 15, 4, 220, 16, 15, 15, 4, 220, 16, 15, 15, 4, 220, 16, 15, 15, 4, 220, 16, 15, 15, 4, 220, 16, 15, 15, 4, 220, 16]",423.4931180253625,423.4813537597656,423.4931180253625,423.4813537597656,9672.208619422703,"[24.867267347872257, 24.44693585857749, 24.581107776612043, 24.356736335903406, 24.269490968436003, 24.446493946015835, 24.28123401477933, 24.29894730448723, 24.280902929604053, 24.30218318477273, 24.328842759132385, 24.35869909822941, 24.353909771889448, 24.269600864499807, 24.337288923561573, 24.68240913003683, 24.307302199304104, 24.662300944328308, 24.63790401816368, 24.590556044131517, 24.578873999416828, 24.753661826252937, 24.476241320371628, 24.618559051305056, 24.609831627458334, 24.633876979351044, 25.893958751112223, 24.474155623465776, 24.41737987101078, 24.50453396886587, 24.432608857750893]","[24.862560272216797, 24.44175910949707, 24.575328826904297, 24.350719451904297, 24.26460838317871, 24.44175910949707, 24.275968551635742, 24.293376922607422, 24.276639938354492, 24.297344207763672, 24.323904037475586, 24.353727340698242, 24.349023818969727, 24.264352798461914, 24.332256317138672, 24.678239822387695, 24.3023681640625, 24.65567970275879, 24.633056640625, 24.585952758789062, 24.573888778686523, 24.748960494995117, 24.4715518951416, 24.61292839050293, 24.604671478271484, 24.628223419189453, 25.88876724243164, 24.46847915649414, 24.41200065612793, 24.499135971069336, 24.42742347717285]","[0.0, 0.0, 0.0, 0.0, 0.0, 0.0, 0.0, 0.0, 0.0, 0.0, 0.0, 0.0, 0.0, 0.0, 0.0, 0.0, 0.0, 0.0, 0.0, 0.0, 0.0, 0.0, 0.0, 0.0, 0.0, 0.0, 0.0, 0.0, 0.0, 0.0, 0.0]",24.867267347872257,24.862560272216797,24.506217598294217,24.501069895426433,24.44175910949707,24.717136192321775,40.814544192074976,15.000550746917725,15.3671875,14.483302593231201,15.3671875,1.9965858459472656,1.9965858459472656,0.0,0.22040557861328125,0.0,0.22040557861328125,1.0,0.22040557861328125,0.0,0,0.0,0,0.0,False,32,31,stagekv_async_r4,async,4,2,4096,2,True,4,32,True,True
ok,"[220, 16, 15, 15, 4, 220, 16, 15, 15, 4, 220, 16, 15, 15, 4, 220, 16, 15, 15, 4, 220, 16, 15, 15, 4, 220, 16, 15, 15, 4, 220, 16]","[220, 16, 15, 15, 4, 220, 16, 15, 15, 4, 220, 16, 15, 15, 4, 220, 16, 15, 15, 4, 220, 16, 15, 15, 4, 220, 16, 15, 15, 4, 220, 16]",408.370453864336,408.3598327636719,408.370453864336,408.3598327636719,10030.369471647959,"[21.590176969766617, 21.10810996964574, 21.422681864351034, 21.020254120230675, 21.035782992839813, 21.01071598008275, 21.067292895168066, 21.015475038439035, 21.09293080866337, 21.03292802348733, 21.11347997561097, 21.008562296628952, 21.074606105685234, 20.978956017643213, 21.10906131565571, 21.06527891010046, 21.025703754276037, 21.069316193461418, 21.080947946757078, 21.026986185461283, 21.12057339400053, 21.038428880274296, 21.019493229687214, 21.03393990546465, 21.0588569752872, 21.07546804472804, 21.191797219216824, 21.028359420597553, 21.028259303420782, 21.048917900770903, 21.021977066993713]","[21.584896087646484, 21.10259246826172, 21.416736602783203, 21.014528274536133, 21.030912399291992, 21.005311965942383, 21.06163215637207, 21.01043128967285, 21.08723258972168, 21.027584075927734, 21.108736038208008, 21.004192352294922, 21.06982421875, 20.973567962646484, 21.10361671447754, 21.05958366394043, 21.020416259765625, 21.0645751953125, 21.07596778869629, 21.021696090698242, 21.115903854370117, 21.032960891723633, 21.014368057250977, 21.029151916503906, 21.053312301635742, 21.070816040039062, 21.186559677124023, 21.022720336914062, 21.02355194091797, 21.04319953918457, 21.016576766967773]","[0.0, 0.0, 0.0, 0.0, 0.0, 0.0, 0.0, 0.0, 0.0, 0.0, 0.0, 0.0, 0.0, 0.0, 0.0, 0.0, 0.0, 0.0, 0.0, 0.0, 0.0, 0.0, 0.0, 0.0, 0.0, 0.0, 0.0, 0.0, 0.0, 0.0, 0.0]",21.590176969766617,21.584896087646484,21.067504724487662,21.062275314331053,21.0380802154541,21.154764556884764,47.478251284636215,14.999261379241943,15.20703125,14.511165142059326,15.20703125,1.9965858459472656,1.9965858459472656,0.0,0.22040557861328125,0.0,0.22040557861328125,1.0,0.22040557861328125,0.0,0,0.0,0,0.0,False,32,31,standard,standard,,,4096,2,True,5,32,True,True
ok,"[220, 16, 15, 15, 4, 220, 16, 15, 15, 4, 220, 16, 15, 15, 4, 220, 16, 15, 15, 4, 220, 16, 15, 15, 4, 220, 16, 15, 15, 4, 220, 16]","[220, 16, 15, 15, 4, 220, 16, 15, 15, 4, 220, 16, 15, 15, 4, 220, 16, 15, 15, 4, 220, 16, 15, 15, 4, 220, 16, 15, 15, 4, 220, 16]",3016.0708548501134,3016.04736328125,3016.0708548501134,3016.04736328125,1358.0688585552705,"[2586.1889556981623, 2297.483562026173, 2200.2998180687428, 2302.938189357519, 2393.966472707689, 5087.36803708598, 5417.386012617499, 3921.1297081783414, 4681.426004972309, 4401.12064499408, 5398.953422904015, 4099.5918731205165, 3199.91049496457, 2799.8533532954752, 2602.171097882092, 3697.75719800964, 3715.1004439219832, 3988.3051551878452, 3396.2099021300673, 3402.453370857984, 3288.3819360285997, 4100.831774063408, 4799.052109010518, 3901.2677907012403, 3602.5231308303773, 4811.977888923138, 3485.7250917702913, 4700.052163098007, 4299.866788089275, 3516.0484621301293, 118.0759440176189]","[2586.17041015625, 2297.459716796875, 2200.283935546875, 2302.921630859375, 2376.36083984375, 5087.33544921875, 5417.35302734375, 3921.107177734375, 4681.3974609375, 4401.09375, 5398.9228515625, 4099.5673828125, 3199.890380859375, 2799.835205078125, 2602.134521484375, 3697.734619140625, 3703.244873046875, 3988.28125, 3396.188232421875, 3402.431396484375, 3288.362060546875, 4100.80859375, 4799.025390625, 3901.243408203125, 3602.498291015625, 4800.51318359375, 3485.705322265625, 4700.02392578125, 4299.84130859375, 3516.022705078125, 118.07027435302734]","[0.0, 0.0, 0.0, 0.0, 0.0, 0.0, 0.0, 0.0, 0.0, 0.0, 0.0, 0.0, 0.0, 0.0, 0.0, 0.0, 0.0, 0.0, 0.0, 0.0, 0.0, 0.0, 0.0, 0.0, 0.0, 0.0, 0.0, 0.0, 0.0, 0.0, 0.0]",2586.1889556981623,2586.17041015625,3654.240928031504,3652.8552721659344,3700.48974609375,5258.708520507811,0.2737584507165698,14.780145168304443,15.03515625,14.26521921157837,15.03515625,1.9965858459472656,1.9965858459472656,0.0,0.0,0.22040557861328125,0.22040557861328125,1.0,0.22040557861328125,0.0,1736,6.8077392578125,0,0.0,False,32,31,stagekv_sync_r0,sync,0,2,4096,2,True,6,32,True,True
ok,"[220, 16, 15, 15, 4, 220, 16, 15, 15, 4, 220, 16, 15, 15, 4, 220, 16, 15, 15, 4, 220, 16, 15, 15, 4, 220, 16, 15, 15, 4, 220, 16]","[220, 16, 15, 15, 4, 220, 16, 15, 15, 4, 220, 16, 15, 15, 4, 220, 16, 15, 15, 4, 220, 16, 15, 15, 4, 220, 16, 15, 15, 4, 220, 16]",2675.8148982189596,2675.800048828125,2675.8148982189596,2675.800048828125,1530.7571288048434,"[2493.1329018436372, 1505.028737243265, 1589.057716075331, 1701.0125550441444, 1977.8565736487508, 1904.185088351369, 1420.4747066833079, 2195.26848802343, 2185.5846350081265, 1914.4878997467458, 1998.215463012457, 2492.897772695869, 1508.227540180087, 1907.3255988769233, 1870.3103819862008, 1720.5902701243758, 1482.104373164475, 1396.703771315515, 2904.1041252203286, 2797.442283015698, 3004.581396933645, 2398.873182013631, 2595.733804628253, 2003.1078988686204, 2904.388031922281, 2294.3463549017906, 2700.0184692442417, 1798.6828382126987, 2401.185757946223, 2099.4333741255105, 48.07337420061231]","[2493.116455078125, 1497.908935546875, 1589.042236328125, 1700.9990234375, 1977.842529296875, 1904.1453857421875, 1420.463134765625, 2195.252197265625, 2179.91162109375, 1914.471435546875, 1998.20068359375, 2492.8173828125, 1508.216796875, 1900.19384765625, 1794.0673828125, 1720.576904296875, 1482.0927734375, 1320.5023193359375, 2904.079345703125, 2797.410400390625, 3004.55517578125, 2398.855224609375, 2595.717041015625, 2003.0904541015625, 2904.352783203125, 2294.32958984375, 2700.000244140625, 1798.6683349609375, 2401.17041015625, 2099.4169921875, 48.068607330322266]","[0.0, 0.0, 0.0, 0.0, 0.0, 0.0, 0.0, 0.0, 0.0, 0.0, 0.0, 0.0, 0.0, 0.0, 0.0, 0.0, 0.0, 0.0, 0.0, 0.0, 0.0, 0.0, 0.0, 0.0, 0.0, 0.0, 0.0, 0.0, 0.0, 0.0, 0.0]",2493.1329018436372,2493.116455078125,2023.9767487471302,2018.2139731089273,1988.0216064453125,2904.229736328125,0.4954876010790695,14.862176418304443,15.03515625,14.34725046157837,15.03515625,1.9965858459472656,1.9995155334472656,0.0029296875,0.05510139465332031,0.16530418395996094,0.22040557861328125,1.0,0.22040557861328125,0.0,1736,5.105804443359375,0,0.0,False,32,31,stagekv_sync_r1,sync,1,2,4096,2,True,7,32,True,True
ok,"[220, 16, 15, 15, 4, 220, 16, 15, 15, 4, 220, 16, 15, 15, 4, 220, 16, 15, 15, 4, 220, 16, 15, 15, 4, 220, 16, 15, 15, 4, 220, 16]","[220, 16, 15, 15, 4, 220, 16, 15, 15, 4, 220, 16, 15, 15, 4, 220, 16, 15, 15, 4, 220, 16, 15, 15, 4, 220, 16, 15, 15, 4, 220, 16]",2713.0443761125207,2709.81005859375,2713.0443761125207,2709.81005859375,1511.5450571932745,"[2302.0779360085726, 2282.711020670831, 1998.9912542514503, 1816.8789250776172, 1781.3913794234395, 1801.5782618895173, 1999.1911980323493, 1700.6090329959989, 2005.6582856923342, 2693.932452239096, 1999.9622791074216, 2799.26254786551, 2604.500772897154, 2993.715072982013, 2318.80638608709, 2579.0560101158917, 2606.192238163203, 2701.8469679169357, 2893.1962391361594, 2802.6690292172134, 2201.666222885251, 2597.9580767452717, 3102.3062830790877, 2898.6558821052313, 2293.8278480432928, 2511.3208550028503, 2998.2083099894226, 2594.2970728501678, 2901.499964296818, 2701.889860909432, 130.1212590187788]","[2302.062255859375, 2282.69580078125, 1998.9759521484375, 1816.8614501953125, 1781.3780517578125, 1801.565185546875, 1999.177734375, 1700.5975341796875, 2005.643310546875, 2693.91455078125, 1999.948486328125, 2799.2412109375, 2604.485595703125, 2993.69482421875, 2318.791748046875, 2503.28271484375, 2606.17822265625, 2701.8310546875, 2893.177734375, 2802.650146484375, 2201.648193359375, 2597.940185546875, 3102.286865234375, 2898.637451171875, 2201.206787109375, 2506.894287109375, 2998.192138671875, 2594.280517578125, 2901.45556640625, 2701.87109375, 130.11558532714844]","[0.0, 0.0, 0.0, 0.0, 0.0, 0.0, 0.0, 0.0, 0.0, 0.0, 0.0, 0.0, 0.0, 0.0, 0.0, 0.0, 0.0, 0.0, 0.0, 0.0, 0.0, 0.0, 0.0, 0.0, 0.0, 0.0, 0.0, 0.0, 0.0, 0.0, 0.0]",2302.0779360085726,2302.062255859375,2377.063366289561,2371.2873326619465,2550.58740234375,2996.168347167969,0.42171186352074236,14.895556449890137,15.19140625,14.380156993865967,15.19140625,1.9995155334472656,1.9995155334472656,0.0,0.11020278930664062,0.11020278930664062,0.22040557861328125,1.0,0.22040557861328125,0.0,868,3.40386962890625,0,0.0,False,32,31,stagekv_sync_r2,sync,2,2,4096,2,True,8,32,True,True
