timestamp_utc,method,model_path,sequence_length,trial,status,error,layers,query_heads,kv_heads,head_dim,prefill_seconds,prefill_tokens_per_second,peak_gpu_allocated_gib,peak_gpu_reserved_gib,measured_kv_gib,theoretical_kv_gib,kv_ratio,process_cpu_rss_gib,torch_version,torch_cuda_version,transformers_version,gpu_name
2026-08-12T06:09:58.123923+00:00,standard,/root/ModelScope/model/Qwen2.5-7B-Instruct,4096,1,ok,,28,28,4,128,0.40631789597682655,10080.776752775877,14.999230861663818,15.20703125,0.21875,0.21875,1.0,1.1780014038085938,2.13.0+cu132,13.2,4.46.3,NVIDIA GeForce RTX 4090
2026-08-12T06:09:58.553829+00:00,standard,/root/ModelScope/model/Qwen2.5-7B-Instruct,4096,2,ok,,28,28,4,128,0.4136521830223501,9902.03888221397,14.999230861663818,15.20703125,0.21875,0.21875,1.0,1.1780014038085938,2.13.0+cu132,13.2,4.46.3,NVIDIA GeForce RTX 4090
2026-08-12T06:09:58.973170+00:00,standard,/root/ModelScope/model/Qwen2.5-7B-Instruct,4096,3,ok,,28,28,4,128,0.40740087698213756,10053.979339321817,14.999230861663818,15.20703125,0.21875,0.21875,1.0,1.1780319213867188,2.13.0+cu132,13.2,4.46.3,NVIDIA GeForce RTX 4090
2026-08-12T06:09:59.396901+00:00,standard,/root/ModelScope/model/Qwen2.5-7B-Instruct,4096,4,ok,,28,28,4,128,0.41187527496367693,9944.758156121958,14.999230861663818,15.20703125,0.21875,0.21875,1.0,1.178070068359375,2.13.0+cu132,13.2,4.46.3,NVIDIA GeForce RTX 4090
2026-08-12T06:09:59.818687+00:00,standard,/root/ModelScope/model/Qwen2.5-7B-Instruct,4096,5,ok,,28,28,4,128,0.4098246230278164,9994.519045094048,14.999230861663818,15.20703125,0.21875,0.21875,1.0,1.1780967712402344,2.13.0+cu132,13.2,4.46.3,NVIDIA GeForce RTX 4090
2026-08-12T06:10:09.041443+00:00,standard,/root/ModelScope/model/Qwen2.5-7B-Instruct,8192,1,ok,,28,28,4,128,0.8699462250806391,9416.674001017302,15.763940334320068,16.076171875,0.4375,0.4375,1.0,1.1774215698242188,2.13.0+cu132,13.2,4.46.3,NVIDIA GeForce RTX 4090
2026-08-12T06:10:09.929994+00:00,standard,/root/ModelScope/model/Qwen2.5-7B-Instruct,8192,2,ok,,28,28,4,128,0.8689218549989164,9427.775297480826,15.763940334320068,16.076171875,0.4375,0.4375,1.0,1.1774215698242188,2.13.0+cu132,13.2,4.46.3,NVIDIA GeForce RTX 4090
2026-08-12T06:10:10.815013+00:00,standard,/root/ModelScope/model/Qwen2.5-7B-Instruct,8192,3,ok,,28,28,4,128,0.8703710199333727,9412.078082088603,15.763940334320068,16.076171875,0.4375,0.4375,1.0,1.1774520874023438,2.13.0+cu132,13.2,4.46.3,NVIDIA GeForce RTX 4090
2026-08-12T06:10:11.701519+00:00,standard,/root/ModelScope/model/Qwen2.5-7B-Instruct,8192,4,ok,,28,28,4,128,0.871511461911723,9399.76163024897,15.763940334320068,16.076171875,0.4375,0.4375,1.0,1.177490234375,2.13.0+cu132,13.2,4.46.3,NVIDIA GeForce RTX 4090
2026-08-12T06:10:12.586550+00:00,standard,/root/ModelScope/model/Qwen2.5-7B-Instruct,8192,5,ok,,28,28,4,128,0.8702438590116799,9413.453384553044,15.763940334320068,16.076171875,0.4375,0.4375,1.0,1.1775054931640625,2.13.0+cu132,13.2,4.46.3,NVIDIA GeForce RTX 4090
2026-08-12T06:10:23.581286+00:00,standard,/root/ModelScope/model/Qwen2.5-7B-Instruct,16384,1,ok,,28,28,4,128,1.9140165138524026,8560.009739426645,17.29006338119507,17.798828125,0.875,0.875,1.0,1.1786689758300781,2.13.0+cu132,13.2,4.46.3,NVIDIA GeForce RTX 4090
2026-08-12T06:10:25.522117+00:00,standard,/root/ModelScope/model/Qwen2.5-7B-Instruct,16384,2,ok,,28,28,4,128,1.9172502690926194,8545.571887051598,17.29006338119507,17.798828125,0.875,0.875,1.0,1.1786689758300781,2.13.0+cu132,13.2,4.46.3,NVIDIA GeForce RTX 4090
2026-08-12T06:10:27.459598+00:00,standard,/root/ModelScope/model/Qwen2.5-7B-Instruct,16384,3,ok,,28,28,4,128,1.9184070720802993,8540.418891509493,17.29006338119507,17.798828125,0.875,0.875,1.0,1.1787033081054688,2.13.0+cu132,13.2,4.46.3,NVIDIA GeForce RTX 4090
2026-08-12T06:10:29.399702+00:00,standard,/root/ModelScope/model/Qwen2.5-7B-Instruct,16384,4,ok,,28,28,4,128,1.9210971519351006,8528.459887359977,17.29006338119507,17.798828125,0.875,0.875,1.0,1.178741455078125,2.13.0+cu132,13.2,4.46.3,NVIDIA GeForce RTX 4090
2026-08-12T06:10:31.343431+00:00,standard,/root/ModelScope/model/Qwen2.5-7B-Instruct,16384,5,ok,,28,28,4,128,1.9243298270739615,8514.132956569447,17.29006338119507,17.798828125,0.875,0.875,1.0,1.1787643432617188,2.13.0+cu132,13.2,4.46.3,NVIDIA GeForce RTX 4090
2026-08-12T06:10:47.777361+00:00,standard,/root/ModelScope/model/Qwen2.5-7B-Instruct,32768,1,ok,,28,28,4,128,4.524602013872936,7242.183931211993,20.34548330307007,21.462890625,1.75,1.75,1.0,1.1779022216796875,2.13.0+cu132,13.2,4.46.3,NVIDIA GeForce RTX 4090
2026-08-12T06:10:52.335780+00:00,standard,/root/ModelScope/model/Qwen2.5-7B-Instruct,32768,2,ok,,28,28,4,128,4.530553832883015,7232.669825522877,20.34548330307007,21.462890625,1.75,1.75,1.0,1.1779022216796875,2.13.0+cu132,13.2,4.46.3,NVIDIA GeForce RTX 4090
2026-08-12T06:10:56.899755+00:00,standard,/root/ModelScope/model/Qwen2.5-7B-Instruct,32768,3,ok,,28,28,4,128,4.5405815748963505,7216.696685104266,20.34548330307007,21.462890625,1.75,1.75,1.0,1.1779289245605469,2.13.0+cu132,13.2,4.46.3,NVIDIA GeForce RTX 4090
2026-08-12T06:11:01.473146+00:00,standard,/root/ModelScope/model/Qwen2.5-7B-Instruct,32768,4,ok,,28,28,4,128,4.550088620977476,7201.617974851793,20.34548330307007,21.462890625,1.75,1.75,1.0,1.1779670715332031,2.13.0+cu132,13.2,4.46.3,NVIDIA GeForce RTX 4090
2026-08-12T06:11:06.056676+00:00,standard,/root/ModelScope/model/Qwen2.5-7B-Instruct,32768,5,ok,,28,28,4,128,4.560386984841898,7185.355126421583,20.34548330307007,21.462890625,1.75,1.75,1.0,1.1779861450195312,2.13.0+cu132,13.2,4.46.3,NVIDIA GeForce RTX 4090
