name,direction,pinned,non_blocking,dedicated_stream,size_mib,bytes,trial,wall_ms,cuda_ms,wall_gib_per_s,cuda_gib_per_s
h2d_pageable_blocking,h2d,False,False,False,4,4194304,1,0.27186330407857895,0.25065600872039795,14.368434214537993,15.58410676026262
h2d_pageable_blocking,h2d,False,False,False,4,4194304,2,0.2825027331709862,0.25948798656463623,13.827299850000824,15.053683416002716
h2d_pageable_blocking,h2d,False,False,False,4,4194304,3,0.2752300351858139,0.2529279887676239,14.192673402678613,15.444119170175526
h2d_pageable_blocking,h2d,False,False,False,4,4194304,4,0.27383724227547646,0.25142401456832886,14.264860278100402,15.536503172565517
h2d_pageable_blocking,h2d,False,False,False,4,4194304,5,0.28532836586236954,0.263839989900589,13.690366845209535,14.805375036103577
h2d_pageable_blocking,h2d,False,False,False,4,4194304,6,0.2730647101998329,0.2511039972305298,14.305217240050341,15.556303535916271
h2d_pageable_blocking,h2d,False,False,False,4,4194304,7,0.27548009529709816,0.2526080012321472,14.179790361213612,15.463682784973026
h2d_pageable_blocking,h2d,False,False,False,4,4194304,8,0.2995249815285206,0.27084800601005554,13.041483151307864,14.422295580256094
h2d_pageable_blocking,h2d,False,False,False,4,4194304,9,0.2728351391851902,0.2516480088233948,14.317254044570062,15.522673985238583
h2d_pageable_blocking,h2d,False,False,False,4,4194304,10,0.27165329083800316,0.2504960000514984,14.379542349551143,15.594061379011762
h2d_pageable_blocking,h2d,False,False,False,4,4194304,11,0.26633311063051224,0.2479040026664734,14.666783227787239,15.757107420550263
h2d_pageable_blocking,h2d,False,False,False,4,4194304,12,0.2682157792150974,0.2502079904079437,14.563833684323832,15.61201140551578
h2d_pageable_blocking,h2d,False,False,False,4,4194304,13,0.26513030752539635,0.2476159930229187,14.733321273071837,15.775434988314538
h2d_pageable_blocking,h2d,False,False,False,4,4194304,14,0.2656923606991768,0.24777600169181824,14.702153986364513,15.76524753538707
h2d_pageable_blocking,h2d,False,False,False,4,4194304,15,0.2664630301296711,0.24755200743675232,14.65963213770807,15.77951251717487
h2d_pageable_blocking,h2d,False,False,False,4,4194304,16,0.26654312387108803,0.24956800043582916,14.655227053950318,15.652046709427418
h2d_pageable_blocking,h2d,False,False,False,4,4194304,17,0.2670641988515854,0.2489279955625534,14.626632909979843,15.692288812964765
h2d_pageable_blocking,h2d,False,False,False,4,4194304,18,0.2651209942996502,0.2470719963312149,14.733838828263455,15.810168930530825
h2d_pageable_blocking,h2d,False,False,False,4,4194304,19,0.26928773149847984,0.25171199440956116,14.505859506718936,15.518728097017625
h2d_pageable_blocking,h2d,False,False,False,4,4194304,20,0.2654707059264183,0.24825599789619446,14.714429550214525,15.734765859044243
d2h_pageable_blocking,d2h,False,False,False,4,4194304,1,0.33104512840509415,0.3144640028476715,11.799750743409188,12.421930537760833
d2h_pageable_blocking,d2h,False,False,False,4,4194304,2,0.3238706849515438,0.3047359883785248,12.061141009364391,12.818472871500461
d2h_pageable_blocking,d2h,False,False,False,4,4194304,3,0.32348092645406723,0.3062080144882202,12.075673341298746,12.756850948296368
d2h_pageable_blocking,d2h,False,False,False,4,4194304,4,0.3298819065093994,0.3126400113105774,11.841358749661216,12.494402055658579
d2h_pageable_blocking,d2h,False,False,False,4,4194304,5,0.3262762911617756,0.3086079955101013,11.972215284447952,12.657643537534792
d2h_pageable_blocking,d2h,False,False,False,4,4194304,6,0.32196706160902977,0.3043519854545593,12.132452246756309,12.834646023964298
d2h_pageable_blocking,d2h,False,False,False,4,4194304,7,0.334802083671093,0.3164159953594208,11.667340767919086,12.345298775312681
d2h_pageable_blocking,d2h,False,False,False,4,4194304,8,0.32320013269782066,0.3048959970474243,12.086164592179141,12.811745768483842
d2h_pageable_blocking,d2h,False,False,False,4,4194304,9,0.32245833426713943,0.30457600951194763,12.113968177866607,12.825205787742023
d2h_pageable_blocking,d2h,False,False,False,4,4194304,10,0.3312453627586365,0.3132160007953644,11.792617917631976,12.471425438293933
d2h_pageable_blocking,d2h,False,False,False,4,4194304,11,0.32397080212831497,0.305759996175766,12.05741373709614,12.775543069259113
d2h_pageable_blocking,d2h,False,False,False,4,4194304,12,0.31999312341213226,0.3033599853515625,12.207293576646585,12.87661586439314
d2h_pageable_blocking,d2h,False,False,False,4,4194304,13,0.32792892307043076,0.31014400720596313,11.911880060549088,12.594955598822528
d2h_pageable_blocking,d2h,False,False,False,4,4194304,14,0.32242899760603905,0.304639995098114,12.115070384497068,12.822512023550722
d2h_pageable_blocking,d2h,False,False,False,4,4194304,15,0.32224785536527634,0.3043519854545593,12.12188051824942,12.834646023964298
d2h_pageable_blocking,d2h,False,False,False,4,4194304,16,0.32876990735530853,0.31091201305389404,11.881409802444095,12.563843904361725
d2h_pageable_blocking,d2h,False,False,False,4,4194304,17,0.3219679929316044,0.3044160008430481,12.132417152501876,12.831947036890478
d2h_pageable_blocking,d2h,False,False,False,4,4194304,18,0.3221379593014717,0.30486398935317993,12.126015848831864,12.813090874680752
d2h_pageable_blocking,d2h,False,False,False,4,4194304,19,0.3291713073849678,0.31068798899650574,11.866921303173054,12.572903164415322
d2h_pageable_blocking,d2h,False,False,False,4,4194304,20,0.3240914084017277,0.30531200766563416,12.052926732195276,12.794288799404095
h2d_pinned_blocking,h2d,True,False,False,4,4194304,1,1.0057180188596249,0.902463972568512,3.8840409804223888,4.3284276367092875
h2d_pinned_blocking,h2d,True,False,False,4,4194304,2,0.9098467417061329,0.887935996055603,4.29330547766215,4.399247262586918
h2d_pinned_blocking,h2d,True,False,False,4,4194304,3,0.8985549211502075,0.8773120045661926,4.347257922754183,4.452520858792462
h2d_pinned_blocking,h2d,True,False,False,4,4194304,4,0.8735279552638531,0.8552320003509521,4.471808802982269,4.567474087027889
h2d_pinned_blocking,h2d,True,False,False,4,4194304,5,0.864942092448473,0.8474879860877991,4.51619829131244,4.609209881584464
h2d_pinned_blocking,h2d,True,False,False,4,4194304,6,0.8703828789293766,0.8521599769592285,4.487967415908873,4.583939759690092
h2d_pinned_blocking,h2d,True,False,False,4,4194304,7,0.8714538998901844,0.8533440232276917,4.482451682747926,4.577579374406334
h2d_pinned_blocking,h2d,True,False,False,4,4194304,8,0.8736276067793369,0.8566399812698364,4.471298720058249,4.559966946919274
h2d_pinned_blocking,h2d,True,False,False,4,4194304,9,0.8636289276182652,0.8480640053749084,4.52306525995226,4.606079228976522
h2d_pinned_blocking,h2d,True,False,False,4,4194304,10,0.8607138879597187,0.8447359800338745,4.538383840023285,4.624225902918633
h2d_pinned_blocking,h2d,True,False,False,4,4194304,11,0.8623069152235985,0.8456640243530273,4.529999621987375,4.619151208411005
h2d_pinned_blocking,h2d,True,False,False,4,4194304,12,0.867276918143034,0.8503680229187012,4.504040080259313,4.593599353127903
h2d_pinned_blocking,h2d,True,False,False,4,4194304,13,0.8676573634147644,0.8509439826011658,4.502065175389635,4.590490184864313
h2d_pinned_blocking,h2d,True,False,False,4,4194304,14,0.8681383915245533,0.8518400192260742,4.499570619311243,4.585661523097919
h2d_pinned_blocking,h2d,True,False,False,4,4194304,15,0.8687092922627926,0.8521599769592285,4.496613579239029,4.583939759690092
h2d_pinned_blocking,h2d,True,False,False,4,4194304,16,0.8687600493431091,0.8524799942970276,4.496350865758171,4.582218968342094
h2d_pinned_blocking,h2d,True,False,False,4,4194304,17,0.8691600523889065,0.8525440096855164,4.494281564440959,4.581874901028188
h2d_pinned_blocking,h2d,True,False,False,4,4194304,18,0.8694007992744446,0.8521919846534729,4.493037047193823,4.583767590337522
h2d_pinned_blocking,h2d,True,False,False,4,4194304,19,0.8693207055330276,0.8526080250740051,4.493451007364269,4.581530885380704
h2d_pinned_blocking,h2d,True,False,False,4,4194304,20,0.8724159561097622,0.8564479947090149,4.477508661600567,4.560989136680949
d2h_pinned_blocking,d2h,True,False,False,4,4194304,1,0.18844567239284515,0.1725119948387146,20.72878591691295,22.643353023956635
d2h_pinned_blocking,d2h,True,False,False,4,4194304,2,0.19174208864569664,0.17363199591636658,20.372418114303617,22.49729365480269
d2h_pinned_blocking,d2h,True,False,False,4,4194304,3,0.19018910825252533,0.1735360026359558,20.538768154974683,22.509738271398007
d2h_pinned_blocking,d2h,True,False,False,4,4194304,4,0.18948735669255257,0.1727360039949417,20.614831871542634,22.613988454395344
d2h_pinned_blocking,d2h,True,False,False,4,4194304,5,0.18871575593948364,0.1727360039949417,20.699119586245015,22.613988454395344
d2h_pinned_blocking,d2h,True,False,False,4,4194304,6,0.19064918160438538,0.17312000691890717,20.489204134669873,22.563827656440452
d2h_pinned_blocking,d2h,True,False,False,4,4194304,7,0.19237259402871132,0.1746239960193634,20.305647068506016,22.36949153063048
d2h_pinned_blocking,d2h,True,False,False,4,4194304,8,0.18913717940449715,0.17238399386405945,20.652999121055522,22.660166483208616
d2h_pinned_blocking,d2h,True,False,False,4,4194304,9,0.18960796296596527,0.1727360039949417,20.60171914141166,22.613988454395344
d2h_pinned_blocking,d2h,True,False,False,4,4194304,10,0.1889062114059925,0.17187200486660004,20.678250709315137,22.727668784872034
d2h_pinned_blocking,d2h,True,False,False,4,4194304,11,0.1912410371005535,0.17388799786567688,20.425793852739435,22.464172616545152
d2h_pinned_blocking,d2h,True,False,False,4,4194304,12,0.19034883007407188,0.17395199835300446,20.521534061858596,22.455907589362468
d2h_pinned_blocking,d2h,True,False,False,4,4194304,13,0.18943799659609795,0.17257599532604218,20.62020328650615,22.634955647336987
d2h_pinned_blocking,d2h,True,False,False,4,4194304,14,0.1880447380244732,0.17209599912166595,20.772982222409322,22.698087230014078
d2h_pinned_blocking,d2h,True,False,False,4,4194304,15,0.18937699496746063,0.17312000691890717,20.626845413146324,22.563827656440452
d2h_pinned_blocking,d2h,True,False,False,4,4194304,16,0.1920522190630436,0.17430399358272552,20.339520256819963,22.410559389427153
d2h_pinned_blocking,d2h,True,False,False,4,4194304,17,0.19119074568152428,0.1740799993276596,20.43116671821988,22.439395766813604
d2h_pinned_blocking,d2h,True,False,False,4,4194304,18,0.1889360137283802,0.1722559928894043,20.67498897068791,22.677004930144747
d2h_pinned_blocking,d2h,True,False,False,4,4194304,19,0.18870597705245018,0.17228800058364868,20.700192230340807,22.67279199228649
d2h_pinned_blocking,d2h,True,False,False,4,4194304,20,0.1887260004878044,0.17215999960899353,20.69799598308355,22.689649215101067
h2d_pinned_nonblocking_default,h2d,True,True,False,4,4194304,1,5.920751951634884,0.8899840116500854,0.6597557256087001,4.389123791962926
h2d_pinned_nonblocking_default,h2d,True,True,False,4,4194304,2,61.06814881786704,0.9733120203018188,0.06396542347550459,4.013358428254788
h2d_pinned_nonblocking_default,h2d,True,True,False,4,4194304,3,0.963729340583086,0.9207680225372314,4.053264579074243,4.242382342119239
h2d_pinned_nonblocking_default,h2d,True,True,False,4,4194304,4,0.9535187855362892,0.9098880290985107,4.096668108959176,4.293110663155106
h2d_pinned_nonblocking_default,h2d,True,True,False,4,4194304,5,0.8928952738642693,0.8724799752235413,4.374813166044148,4.477180119806378
h2d_pinned_nonblocking_default,h2d,True,True,False,4,4194304,6,0.8916929364204407,0.8718079924583435,4.380712059558326,4.480631095139504
h2d_pinned_nonblocking_default,h2d,True,True,False,4,4194304,7,0.8895080536603928,0.8717439770698547,4.391472324421894,4.480960124473546
h2d_pinned_nonblocking_default,h2d,True,True,False,4,4194304,8,0.892463605850935,0.8760960102081299,4.376929181639309,4.458700821011628
h2d_pinned_nonblocking_default,h2d,True,True,False,4,4194304,9,0.9244242683053017,0.9077439904212952,4.2256030417300945,4.30325074164034
h2d_pinned_nonblocking_default,h2d,True,True,False,4,4194304,10,0.8895080536603928,0.8728320002555847,4.391472324421894,4.475374412093235
h2d_pinned_nonblocking_default,h2d,True,True,False,4,4194304,11,0.8888472802937031,0.871936023235321,4.394736966185296,4.479973181410545
h2d_pinned_nonblocking_default,h2d,True,True,False,4,4194304,12,0.890050083398819,0.87254399061203,4.388797970877403,4.476851645336566
h2d_pinned_nonblocking_default,h2d,True,True,False,4,4194304,13,1.0417359881103039,0.8726400136947632,3.7497504594094795,4.476359023993083
h2d_pinned_nonblocking_default,h2d,True,True,False,4,4194304,14,0.8913120254874229,0.8732479810714722,4.382584199807949,4.473242520649226
h2d_pinned_nonblocking_default,h2d,True,True,False,4,4194304,15,0.8884570561349392,0.8714879751205444,4.39666720301979,4.482276418627218
h2d_pinned_nonblocking_default,h2d,True,True,False,4,4194304,16,0.8908207528293133,0.8723199963569641,4.385001121262003,4.478001210924338
h2d_pinned_nonblocking_default,h2d,True,True,False,4,4194304,17,0.8902088738977909,0.8720319867134094,4.388015121548311,4.479480179072579
h2d_pinned_nonblocking_default,h2d,True,True,False,4,4194304,18,0.8892389014363289,0.8720319867134094,4.392801522392343,4.479480179072579
h2d_pinned_nonblocking_default,h2d,True,True,False,4,4194304,19,0.8923942223191261,0.8756160140037537,4.377269487299637,4.461144996810502
h2d_pinned_nonblocking_default,h2d,True,True,False,4,4194304,20,0.891572330147028,0.8748480081558228,4.381304654615993,4.465061317604603
d2h_pinned_nonblocking_default,d2h,True,True,False,4,4194304,1,0.18210289999842644,0.16627199947834015,21.45078414475417,23.49313180965781
d2h_pinned_nonblocking_default,d2h,True,True,False,4,4194304,2,0.18355576321482658,0.16700799763202667,21.280998926894362,23.38959843472136
d2h_pinned_nonblocking_default,d2h,True,True,False,4,4194304,3,0.18490897491574287,0.1679680049419403,21.125259072903052,23.25591710963187
d2h_pinned_nonblocking_default,d2h,True,True,False,4,4194304,4,0.18548965454101562,0.1685120016336441,21.05912596401028,23.180841495743657
d2h_pinned_nonblocking_default,d2h,True,True,False,4,4194304,5,0.1862109638750553,0.16883200407028198,20.977551045925704,23.136904768209067
d2h_pinned_nonblocking_default,d2h,True,True,False,4,4194304,6,0.18298625946044922,0.16659200191497803,21.347231270358307,23.448004436573108
d2h_pinned_nonblocking_default,d2h,True,True,False,4,4194304,7,0.1835268922150135,0.16681599617004395,21.284346685408796,23.416519336779686
d2h_pinned_nonblocking_default,d2h,True,True,False,4,4194304,8,0.18335599452257156,0.16636799275875092,21.304184846376163,23.479576421075336
d2h_pinned_nonblocking_default,d2h,True,True,False,4,4194304,9,0.18458766862750053,0.16710400581359863,21.16203118574971,23.37616014039393
d2h_pinned_nonblocking_default,d2h,True,True,False,4,4194304,10,0.1831059344112873,0.16652800142765045,21.333279079999084,23.45701603641178
d2h_pinned_nonblocking_default,d2h,True,True,False,4,4194304,11,0.1825336366891861,0.16652800142765045,21.400165311182995,23.45701603641178
d2h_pinned_nonblocking_default,d2h,True,True,False,4,4194304,12,0.18243538215756416,0.16646400094032288,21.41169083432667,23.466034565637923
d2h_pinned_nonblocking_default,d2h,True,True,False,4,4194304,13,0.18223421648144722,0.16607999801635742,21.435326885484674,23.520291706742846
d2h_pinned_nonblocking_default,d2h,True,True,False,4,4194304,14,0.18404703587293625,0.16723200678825378,21.224194029926274,23.35826780423693
d2h_pinned_nonblocking_default,d2h,True,True,False,4,4194304,15,0.1829252578318119,0.16659200191497803,21.35435011162618,23.448004436573108
d2h_pinned_nonblocking_default,d2h,True,True,False,4,4194304,16,0.18204376101493835,0.16604800522327423,21.45775267562977,23.52482340722801
d2h_pinned_nonblocking_default,d2h,True,True,False,4,4194304,17,0.1834058202803135,0.16672000288963318,21.29839715026367,23.43000199313753
d2h_pinned_nonblocking_default,d2h,True,True,False,4,4194304,18,0.18291594460606575,0.1664319932460785,21.35543737541655,23.47054748196402
d2h_pinned_nonblocking_default,d2h,True,True,False,4,4194304,19,0.18494902178645134,0.16819199919700623,21.120684836658903,23.224945411490953
d2h_pinned_nonblocking_default,d2h,True,True,False,4,4194304,20,0.18215365707874298,0.1664319932460785,21.44480688801857,23.47054748196402
h2d_pinned_nonblocking_dedicated,h2d,True,True,True,4,4194304,1,0.9360467083752155,0.9192000031471252,4.173135768812697,4.249619219566924
h2d_pinned_nonblocking_dedicated,h2d,True,True,True,4,4194304,2,0.9848489426076412,0.9663040041923523,3.9663443102829525,4.042464879636805
h2d_pinned_nonblocking_dedicated,h2d,True,True,True,4,4194304,3,1.087911892682314,1.0699520111083984,3.5905940786885777,3.650864673784189
h2d_pinned_nonblocking_dedicated,h2d,True,True,True,4,4194304,4,1.0570753365755081,1.0386559963226318,3.695337375531486,3.7608698296934717
h2d_pinned_nonblocking_dedicated,h2d,True,True,True,4,4194304,5,1.0146652348339558,0.9969599843025208,3.849791897757526,3.9181612717714405
h2d_pinned_nonblocking_dedicated,h2d,True,True,True,4,4194304,6,1.0156971402466297,0.9983680248260498,3.8458806717241436,3.9126353237130203
h2d_pinned_nonblocking_dedicated,h2d,True,True,True,4,4194304,7,1.07565987855196,1.0567359924316406,3.631491773457745,3.696524040040864
h2d_pinned_nonblocking_dedicated,h2d,True,True,True,4,4194304,8,1.0511730797588825,1.033471941947937,3.7160864135676053,3.7797349317847124
h2d_pinned_nonblocking_dedicated,h2d,True,True,True,4,4194304,9,1.00392522290349,0.9857919812202454,3.890977047775119,3.9625499845968686
h2d_pinned_nonblocking_dedicated,h2d,True,True,True,4,4194304,10,0.9973221458494663,0.9799039959907532,3.916738454326473,3.9863599046256577
h2d_pinned_nonblocking_dedicated,h2d,True,True,True,4,4194304,11,0.9822128340601921,0.964576005935669,3.976989369862598,4.049706789265212
h2d_pinned_nonblocking_dedicated,h2d,True,True,True,4,4194304,12,1.1314451694488525,1.1138240098953247,3.4524430396417753,3.507062125880284
h2d_pinned_nonblocking_dedicated,h2d,True,True,True,4,4194304,13,1.1267364025115967,1.1094080209732056,3.4668712143253897,3.521021955991739
h2d_pinned_nonblocking_dedicated,h2d,True,True,True,4,4194304,14,0.9261979721486568,0.9082239866256714,4.217510853471225,4.300976474440967
h2d_pinned_nonblocking_dedicated,h2d,True,True,True,4,4194304,15,0.9302161633968353,0.9116160273551941,4.199292759798641,4.284972930251041
h2d_pinned_nonblocking_dedicated,h2d,True,True,True,4,4194304,16,0.9199562482535839,0.903007984161377,4.246125842849051,4.325820002165022
h2d_pinned_nonblocking_dedicated,h2d,True,True,True,4,4194304,17,0.92267245054245,0.903328001499176,4.233625917521944,4.324287516292124
h2d_pinned_nonblocking_dedicated,h2d,True,True,True,4,4194304,18,0.9263684041798115,0.9083200097084045,4.2167349214144645,4.300521796557154
h2d_pinned_nonblocking_dedicated,h2d,True,True,True,4,4194304,19,0.9327298030257225,0.9143360257148743,4.187975968311881,4.2722258449194275
h2d_pinned_nonblocking_dedicated,h2d,True,True,True,4,4194304,20,0.9233420714735985,0.9054080247879028,4.230555631203785,4.314353190005204
d2h_pinned_nonblocking_dedicated,d2h,True,True,True,4,4194304,1,0.18494902178645134,0.16755199432373047,21.120684836658903,23.313658639315616
d2h_pinned_nonblocking_dedicated,d2h,True,True,True,4,4194304,2,0.18511991947889328,0.16662399470806122,21.101186792842014,23.443502280953396
d2h_pinned_nonblocking_dedicated,d2h,True,True,True,4,4194304,3,0.18392689526081085,0.16627199947834015,21.238057623170793,23.49313180965781
d2h_pinned_nonblocking_dedicated,d2h,True,True,True,4,4194304,4,0.1845979131758213,0.16636799275875092,21.160856765913007,23.479576421075336
d2h_pinned_nonblocking_dedicated,d2h,True,True,True,4,4194304,5,0.18420768901705742,0.16620799899101257,21.2056837629524,23.502178136512093
d2h_pinned_nonblocking_dedicated,d2h,True,True,True,4,4194304,6,0.18600095063447952,0.16726399958133698,21.00123675000125,23.3538000393233
d2h_pinned_nonblocking_dedicated,d2h,True,True,True,4,4194304,7,0.1857411116361618,0.1674879938364029,21.03061603104724,23.322567251092067
d2h_pinned_nonblocking_dedicated,d2h,True,True,True,4,4194304,8,0.1838868483901024,0.16624000668525696,21.24268284653603,23.497653049279062
d2h_pinned_nonblocking_dedicated,d2h,True,True,True,4,4194304,9,0.18386729061603546,0.16678400337696075,21.244942408801272,23.421011133610925
d2h_pinned_nonblocking_dedicated,d2h,True,True,True,4,4194304,10,0.18321629613637924,0.16617600619792938,21.320428817600025,23.506702859059768
d2h_pinned_nonblocking_dedicated,d2h,True,True,True,4,4194304,11,0.1867329701781273,0.16793599724769592,20.918908944005825,23.260349561854248
d2h_pinned_nonblocking_dedicated,d2h,True,True,True,4,4194304,12,0.18441816791892052,0.16678400337696075,21.18148143472168,23.421011133610925
d2h_pinned_nonblocking_dedicated,d2h,True,True,True,4,4194304,13,0.18224399536848068,0.16598400473594666,21.434176704159277,23.533894161754944
d2h_pinned_nonblocking_dedicated,d2h,True,True,True,4,4194304,14,0.18327590078115463,0.16627199947834015,21.313495027719764,23.49313180965781
d2h_pinned_nonblocking_dedicated,d2h,True,True,True,4,4194304,15,0.18364610150456429,0.16633599996566772,21.27053048225429,23.484092444246958
d2h_pinned_nonblocking_dedicated,d2h,True,True,True,4,4194304,16,0.18530990928411484,0.16704000532627106,21.079552707626586,23.385116591502218
d2h_pinned_nonblocking_dedicated,d2h,True,True,True,4,4194304,17,0.18530990928411484,0.16729600727558136,21.079552707626586,23.34933190345278
d2h_pinned_nonblocking_dedicated,d2h,True,True,True,4,4194304,18,0.18355576321482658,0.16633599996566772,21.280998926894362,23.484092444246958
d2h_pinned_nonblocking_dedicated,d2h,True,True,True,4,4194304,19,0.1840866170823574,0.16672000288963318,21.219630529971695,23.43000199313753
d2h_pinned_nonblocking_dedicated,d2h,True,True,True,4,4194304,20,0.1832251437008381,0.16604800522327423,21.319399298045862,23.52482340722801
h2d_pageable_blocking,h2d,False,False,False,8,8388608,1,0.4721810109913349,0.45078399777412415,16.54556159214833,17.330916888302312
h2d_pageable_blocking,h2d,False,False,False,8,8388608,2,0.4806271754205227,0.45820799469947815,16.254802889920835,17.05011717467726
h2d_pageable_blocking,h2d,False,False,False,8,8388608,3,0.474696047604084,0.4528000056743622,16.457899827545955,17.253754200741938
h2d_pageable_blocking,h2d,False,False,False,8,8388608,4,0.5007851868867874,0.4790079891681671,15.600501381775443,16.309748849005597
h2d_pageable_blocking,h2d,False,False,False,8,8388608,5,0.47554681077599525,0.4535039961338043,16.4284563011822,17.226970581522632
h2d_pageable_blocking,h2d,False,False,False,8,8388608,6,0.47605903819203377,0.45443201065063477,16.410779700076983,17.1917906681231
h2d_pageable_blocking,h2d,False,False,False,8,8388608,7,0.4655779339373112,0.4468800127506256,16.78021965931902,17.482321377303673
h2d_pageable_blocking,h2d,False,False,False,8,8388608,8,0.4690950736403465,0.451231986284256,16.654406407153648,17.31371054683715
h2d_pageable_blocking,h2d,False,False,False,8,8388608,9,0.4680240526795387,0.44975998997688293,16.69251816284174,17.37037569838427
h2d_pageable_blocking,h2d,False,False,False,8,8388608,10,0.46659959480166435,0.4489920139312744,16.743477892047526,17.40008676679009
h2d_pageable_blocking,h2d,False,False,False,8,8388608,11,0.4638349637389183,0.4458880126476288,16.843275325827896,17.521215593149332
h2d_pageable_blocking,h2d,False,False,False,8,8388608,12,0.46678120270371437,0.4481920003890991,16.7369636025359,17.431145565332617
h2d_pageable_blocking,h2d,False,False,False,8,8388608,13,0.4627038724720478,0.4450879991054535,16.884449136465694,17.55270871311227
h2d_pageable_blocking,h2d,False,False,False,8,8388608,14,0.4659099504351616,0.4490239918231964,16.768261748226447,17.398847594487062
h2d_pageable_blocking,h2d,False,False,False,8,8388608,15,0.46457676216959953,0.44620800018310547,16.816381352169202,17.50865066694024
h2d_pageable_blocking,h2d,False,False,False,8,8388608,16,0.4704580642282963,0.4529919922351837,16.6061559871761,17.246441733883714
h2d_pageable_blocking,h2d,False,False,False,8,8388608,17,0.46534789726138115,0.44784000515937805,16.78851467037316,17.44484617273009
h2d_pageable_blocking,h2d,False,False,False,8,8388608,18,0.4696361720561981,0.45110398530960083,16.635217781021204,17.31862332060343
h2d_pageable_blocking,h2d,False,False,False,8,8388608,19,0.4665707238018513,0.44652798771858215,16.744513964227863,17.496103749097394
h2d_pageable_blocking,h2d,False,False,False,8,8388608,20,0.47046784311532974,0.45286399126052856,16.605810820708644,17.251316401320015
d2h_pageable_blocking,d2h,False,False,False,8,8388608,1,0.554495956748724,0.5373759865760803,14.089372347831782,14.538238021720618
d2h_pageable_blocking,d2h,False,False,False,8,8388608,2,0.5522221326828003,0.5336319804191589,14.147386599746351,14.640239503380986
d2h_pageable_blocking,d2h,False,False,False,8,8388608,3,0.5587548948824406,0.5405759811401367,13.981980420312405,14.45217744140711
d2h_pageable_blocking,d2h,False,False,False,8,8388608,4,0.5564410239458084,0.5386559963226318,14.040122247997402,14.503690766157643
d2h_pageable_blocking,d2h,False,False,False,8,8388608,5,0.5592852830886841,0.5415999889373779,13.968720858977433,14.424852584151942
d2h_pageable_blocking,d2h,False,False,False,8,8388608,6,0.5516312085092068,0.5341119766235352,14.162541711723348,14.627082600521017
d2h_pageable_blocking,d2h,False,False,False,8,8388608,7,0.5608177743852139,0.5412799715995789,13.930549916261675,14.433380893279072
d2h_pageable_blocking,d2h,False,False,False,8,8388608,8,0.5619307048618793,0.5440000295639038,13.90295979985697,14.361212454828118
d2h_pageable_blocking,d2h,False,False,False,8,8388608,9,0.5533439107239246,0.5351679921150208,14.118706013732258,14.598219839576842
d2h_pageable_blocking,d2h,False,False,False,8,8388608,10,0.5603069439530373,0.5428799986839294,13.943250363598587,14.390841473142062
d2h_pageable_blocking,d2h,False,False,False,8,8388608,11,0.5507702007889748,0.5337920188903809,14.184681721721045,14.635850150476621
d2h_pageable_blocking,d2h,False,False,False,8,8388608,12,0.5544070154428482,0.5375360250473022,14.091632649632952,14.53390960970944
d2h_pageable_blocking,d2h,False,False,False,8,8388608,13,0.5489960312843323,0.5308160185813904,14.230521815837687,14.717905501192226
d2h_pageable_blocking,d2h,False,False,False,8,8388608,14,0.5532437935471535,0.5357760190963745,14.12126099040302,14.58165300712106
d2h_pageable_blocking,d2h,False,False,False,8,8388608,15,0.5600070580840111,0.542464017868042,13.950717026191453,14.401876885224935
d2h_pageable_blocking,d2h,False,False,False,8,8388608,16,0.5513601936399937,0.5342720150947571,14.16950314897254,14.622701132145945
d2h_pageable_blocking,d2h,False,False,False,8,8388608,17,0.5572717636823654,0.5396479964256287,14.019192266940301,14.477029566951568
d2h_pageable_blocking,d2h,False,False,False,8,8388608,18,0.5560796707868576,0.5326399803161621,14.049245837283072,14.667505798875048
d2h_pageable_blocking,d2h,False,False,False,8,8388608,19,0.5600070580840111,0.5412480235099792,13.950717026191453,14.434232848253453
d2h_pageable_blocking,d2h,False,False,False,8,8388608,20,0.5534747615456581,0.5354880094528198,14.115368112147458,14.589495678872591
h2d_pinned_blocking,h2d,True,False,False,8,8388608,1,1.8748375587165356,1.8568320274353027,4.167027678572981,4.207434966958641
h2d_pinned_blocking,h2d,True,False,False,8,8388608,2,1.821987796574831,1.8036799430847168,4.287899191578989,4.33142256194233
h2d_pinned_blocking,h2d,True,False,False,8,8388608,3,1.7788270488381386,1.7603520154953003,4.3919390618120095,4.438032808910575
h2d_pinned_blocking,h2d,True,False,False,8,8388608,4,1.77721306681633,1.760159969329834,4.39592761603716,4.4385170303438635
h2d_pinned_blocking,h2d,True,False,False,8,8388608,5,1.7748400568962097,1.7574080228805542,4.401805092038704,4.445467357770787
h2d_pinned_blocking,h2d,True,False,False,8,8388608,6,1.7786556854844093,1.761504054069519,4.392362200147972,4.435130297856058
h2d_pinned_blocking,h2d,True,False,False,8,8388608,7,1.7725946381688118,1.755519986152649,4.407381040072842,4.450248394563521
h2d_pinned_blocking,h2d,True,False,False,8,8388608,8,1.7754407599568367,1.7573440074920654,4.400315784228099,4.445629294374382
h2d_pinned_blocking,h2d,True,False,False,8,8388608,9,1.782422885298729,1.7659519910812378,4.383078821775029,4.423959450458587
h2d_pinned_blocking,h2d,True,False,False,8,8388608,10,1.7737969756126404,1.7565120458602905,4.404393573453744,4.447734940624136
h2d_pinned_blocking,h2d,True,False,False,8,8388608,11,1.771864015609026,1.7538559436798096,4.409198409797088,4.4544707495237015
h2d_pinned_blocking,h2d,True,False,False,8,8388608,12,1.7956090159714222,1.7789759635925293,4.350891497263644,4.391571420798262
h2d_pinned_blocking,h2d,True,False,False,8,8388608,13,1.7622760497033596,1.7449599504470825,4.433187411992044,4.477180119806378
h2d_pinned_blocking,h2d,True,False,False,8,8388608,14,1.7710221000015736,1.7533760070800781,4.411294472267206,4.455690033656994
h2d_pinned_blocking,h2d,True,False,False,8,8388608,15,1.7692591063678265,1.7515519857406616,4.415690145033959,4.460330075042794
h2d_pinned_blocking,h2d,True,False,False,8,8388608,16,1.7668139189481735,1.7488960027694702,4.421801252647459,4.467103811563689
h2d_pinned_blocking,h2d,True,False,False,8,8388608,17,1.7651612870395184,1.7473920583724976,4.4259411632026655,4.470948555916226
h2d_pinned_blocking,h2d,True,False,False,8,8388608,18,1.763207372277975,1.7459839582443237,4.430845811350394,4.474554283909841
h2d_pinned_blocking,h2d,True,False,False,8,8388608,19,1.7630169168114662,1.746016025543213,4.431324467452886,4.474472104326424
h2d_pinned_blocking,h2d,True,False,False,8,8388608,20,1.782543957233429,1.765120029449463,4.382781119252327,4.426044614335209
d2h_pinned_blocking,d2h,True,False,False,8,8388608,1,0.3470848314464092,0.3310079872608185,22.508906446423804,23.60214949690662
d2h_pinned_blocking,d2h,True,False,False,8,8388608,2,0.3511030226945877,0.3335359990596771,22.251303734276938,23.423258724771614
d2h_pinned_blocking,d2h,True,False,False,8,8388608,3,0.3503807820379734,0.3333440124988556,22.297170394332017,23.436749145229722
d2h_pinned_blocking,d2h,True,False,False,8,8388608,4,0.3487491048872471,0.331712007522583,22.401491188130315,23.55205667213637
d2h_pinned_blocking,d2h,True,False,False,8,8388608,5,0.3489679656922817,0.3319360017776489,22.38744173695595,23.536163471756495
d2h_pinned_blocking,d2h,True,False,False,8,8388608,6,0.3503509797155857,0.3339200019836426,22.299067085076153,23.39632233346328
d2h_pinned_blocking,d2h,True,False,False,8,8388608,7,0.3497498109936714,0.3330880105495453,22.337395916823994,23.454761962493176
d2h_pinned_blocking,d2h,True,False,False,8,8388608,8,0.34934887662529945,0.33289599418640137,22.3630316933277,23.468290806844248
d2h_pinned_blocking,d2h,True,False,False,8,8388608,9,0.35264622420072556,0.33267199993133545,22.153930664384884,23.484092444246958
d2h_pinned_blocking,d2h,True,False,False,8,8388608,10,0.34993095323443413,0.33267199993133545,22.325832933007394,23.484092444246958
d2h_pinned_blocking,d2h,True,False,False,8,8388608,11,0.3494890406727791,0.33289599418640137,22.35406290555107,23.468290806844248
d2h_pinned_blocking,d2h,True,False,False,8,8388608,12,0.3489782102406025,0.3320640027523041,22.386784534810023,23.527090968145576
d2h_pinned_blocking,d2h,True,False,False,8,8388608,13,0.35005994141101837,0.3325760066509247,22.317606431942618,23.490870789726223
d2h_pinned_blocking,d2h,True,False,False,8,8388608,14,0.3500501625239849,0.3324800133705139,22.31822988930822,23.497653049279062
d2h_pinned_blocking,d2h,True,False,False,8,8388608,15,0.3485679626464844,0.3315199911594391,22.41313269493844,23.56569802224297
d2h_pinned_blocking,d2h,True,False,False,8,8388608,16,0.3593279980123043,0.33315199613571167,21.741974027118477,23.450257211778872
d2h_pinned_blocking,d2h,True,False,False,8,8388608,17,0.35034120082855225,0.33235201239585876,22.299689507039258,23.506702859059768
d2h_pinned_blocking,d2h,True,False,False,8,8388608,18,0.35037100315093994,0.33244800567626953,22.297792710415514,23.499915375060603
d2h_pinned_blocking,d2h,True,False,False,8,8388608,19,0.3505419008433819,0.332832008600235,22.286921994784684,23.4728024893291
d2h_pinned_blocking,d2h,True,False,False,8,8388608,20,0.35479897633194923,0.33270400762557983,22.01951110673623,23.481833163825524
h2d_pinned_nonblocking_default,h2d,True,True,False,8,8388608,1,64.41308092325926,1.8104640245437622,0.12128747589806628,4.3151920690436
h2d_pinned_nonblocking_default,h2d,True,True,False,8,8388608,2,1.8365457653999329,1.8006399869918823,4.253909783891893,4.338735147746789
h2d_pinned_nonblocking_default,h2d,True,True,False,8,8388608,3,1.7972211353480816,1.777567982673645,4.34698871849562,4.395049908723714
h2d_pinned_nonblocking_default,h2d,True,True,False,8,8388608,4,1.8344512209296227,1.8154560327529907,4.25876682403196,4.303326469522362
h2d_pinned_nonblocking_default,h2d,True,True,False,8,8388608,5,1.777505036443472,1.75872004032135,4.395205549252154,4.442151008054991
h2d_pinned_nonblocking_default,h2d,True,True,False,8,8388608,6,1.77779421210289,1.7600640058517456,4.394490625975697,4.438759030367937
h2d_pinned_nonblocking_default,h2d,True,True,False,8,8388608,7,1.7749089747667313,1.7559360265731812,4.401634174522535,4.449193980743468
h2d_pinned_nonblocking_default,h2d,True,True,False,8,8388608,8,1.7724540084600449,1.7537599802017212,4.407730729660911,4.4547144924024265
h2d_pinned_nonblocking_default,h2d,True,True,False,8,8388608,9,1.771843060851097,1.7536640167236328,4.4092505553213615,4.454958261957202
h2d_pinned_nonblocking_default,h2d,True,True,False,8,8388608,10,1.7742980271577835,1.7558720111846924,4.403149798072371,4.449356188967829
h2d_pinned_nonblocking_default,h2d,True,True,False,8,8388608,11,1.7712018452584743,1.7528640031814575,4.410846804904898,4.456991521202028
h2d_pinned_nonblocking_default,h2d,True,True,False,8,8388608,12,1.7692488618195057,1.7513279914855957,4.415715713370916,4.460900549743915
h2d_pinned_nonblocking_default,h2d,True,True,False,8,8388608,13,1.772215124219656,1.7545280456542969,4.408324866000684,4.45276438832106
h2d_pinned_nonblocking_default,h2d,True,True,False,8,8388608,14,1.7742076888680458,1.755519986152649,4.403373995625291,4.450248394563521
h2d_pinned_nonblocking_default,h2d,True,True,False,8,8388608,15,2.1701152436435223,2.151776075363159,3.6000392250520195,3.63072165800592
h2d_pinned_nonblocking_default,h2d,True,True,False,8,8388608,16,1.763627864420414,1.7460800409317017,4.429789389025924,4.47430805968739
h2d_pinned_nonblocking_default,h2d,True,True,False,8,8388608,17,1.7638676799833775,1.7452479600906372,4.429187114576318,4.476441272903289
h2d_pinned_nonblocking_default,h2d,True,True,False,8,8388608,18,1.7638178542256355,1.7461440563201904,4.429312233847356,4.474144027076436
h2d_pinned_nonblocking_default,h2d,True,True,False,8,8388608,19,1.7803204245865345,1.7619839906692505,4.388254997307236,4.43392223843793
h2d_pinned_nonblocking_default,h2d,True,True,False,8,8388608,20,1.759350299835205,1.7410240173339844,4.440559677473998,4.487301681204385
d2h_pinned_nonblocking_default,d2h,True,True,False,8,8388608,1,0.3418847918510437,0.3253760039806366,22.851265064179398,24.01068273143132
d2h_pinned_nonblocking_default,d2h,True,True,False,8,8388608,2,0.34484080970287323,0.32659199833869934,22.65538120830745,23.9212841702811
d2h_pinned_nonblocking_default,d2h,True,True,False,8,8388608,3,0.3453311510384083,0.32764801383018494,22.62321246290081,23.84418543751375
d2h_pinned_nonblocking_default,d2h,True,True,False,8,8388608,4,0.3419448621571064,0.3256640136241913,22.847250725500157,23.98944824470365
d2h_pinned_nonblocking_default,d2h,True,True,False,8,8388608,5,0.3434177488088608,0.32601600885391235,22.74926100091663,23.96354715053511
d2h_pinned_nonblocking_default,d2h,True,True,False,8,8388608,6,0.34478073939681053,0.3267520070075989,22.65932840003728,23.909570048389373
d2h_pinned_nonblocking_default,d2h,True,True,False,8,8388608,7,0.3433777019381523,0.32624000310897827,22.751914163043566,23.94709393559651
d2h_pinned_nonblocking_default,d2h,True,True,False,8,8388608,8,0.35621272400021553,0.3270399868488312,21.932119415238162,23.888516126962784
d2h_pinned_nonblocking_default,d2h,True,True,False,8,8388608,9,0.34368783235549927,0.32633599638938904,22.73138372824037,23.940049784388503
d2h_pinned_nonblocking_default,d2h,True,True,False,8,8388608,10,1.3476437889039516,0.32553601264953613,5.797155052637435,23.998880911559056
d2h_pinned_nonblocking_default,d2h,True,True,False,8,8388608,11,0.35067182034254074,0.3301439881324768,22.27866497048052,23.66391720228775
d2h_pinned_nonblocking_default,d2h,True,True,False,8,8388608,12,0.3433278761804104,0.3258560001850128,22.755216054447974,23.97531423562635
d2h_pinned_nonblocking_default,d2h,True,True,False,8,8388608,13,0.34378888085484505,0.32607999444007874,22.724702382968,23.95884486386559
d2h_pinned_nonblocking_default,d2h,True,True,False,8,8388608,14,0.34396862611174583,0.3263680040836334,22.712827295655554,23.93770192619129
d2h_pinned_nonblocking_default,d2h,True,True,False,8,8388608,15,0.3423960879445076,0.32553601264953613,22.8171415359926,23.998880911559056
d2h_pinned_nonblocking_default,d2h,True,True,False,8,8388608,16,0.3424971364438534,0.32528001070022583,22.810409690186496,24.017768516368832
d2h_pinned_nonblocking_default,d2h,True,True,False,8,8388608,17,0.3458629362285137,0.32713600993156433,22.588427904972836,23.881504214819845
d2h_pinned_nonblocking_default,d2h,True,True,False,8,8388608,18,0.3449907526373863,0.3259519934654236,22.645534525998094,23.96825347481342
d2h_pinned_nonblocking_default,d2h,True,True,False,8,8388608,19,0.34395884722471237,0.3267520070075989,22.71347303038262,23.909570048389373
d2h_pinned_nonblocking_default,d2h,True,True,False,8,8388608,20,0.344068743288517,0.3261759877204895,22.706218313614354,23.951793798796672
h2d_pinned_nonblocking_dedicated,h2d,True,True,True,8,8388608,1,16.52851002290845,1.7938239574432373,0.47266813458514445,4.355221128351562
h2d_pinned_nonblocking_dedicated,h2d,True,True,True,8,8388608,2,1.873415894806385,1.8376319408416748,4.170189877036039,4.25139541078161
h2d_pinned_nonblocking_dedicated,h2d,True,True,True,8,8388608,3,1.7944457940757275,1.7725759744644165,4.353711895780065,4.407427446014293
h2d_pinned_nonblocking_dedicated,h2d,True,True,True,8,8388608,4,1.793534029275179,1.7692159414291382,4.355925158084269,4.415797878064119
h2d_pinned_nonblocking_dedicated,h2d,True,True,True,8,8388608,5,2.199660986661911,2.1719679832458496,3.5516836673345,3.596968307205331
h2d_pinned_nonblocking_dedicated,h2d,True,True,True,8,8388608,6,1.779296901077032,1.7603520154953003,4.390779298986577,4.438032808910575
h2d_pinned_nonblocking_dedicated,h2d,True,True,True,8,8388608,7,1.7814612947404385,1.7609599828720093,4.385444703775219,4.436500588308843
h2d_pinned_nonblocking_dedicated,h2d,True,True,True,8,8388608,8,1.7732060514390469,1.7539199590682983,4.405861345701905,4.454308168173243
h2d_pinned_nonblocking_dedicated,h2d,True,True,True,8,8388608,9,1.7835861071944237,1.7642240524291992,4.380220258773512,4.428292420819678
h2d_pinned_nonblocking_dedicated,h2d,True,True,True,8,8388608,10,1.7660032026469707,1.7473280429840088,4.423831161965192,4.471112354299632
h2d_pinned_nonblocking_dedicated,h2d,True,True,True,8,8388608,11,1.7657820135354996,1.746399998664856,4.424385309236211,4.473488322247338
h2d_pinned_nonblocking_dedicated,h2d,True,True,True,8,8388608,12,1.7620846629142761,1.7439039945602417,4.433668917519016,4.479891108896777
h2d_pinned_nonblocking_dedicated,h2d,True,True,True,8,8388608,13,1.760631799697876,1.7419519424438477,4.437327555563079,4.484911328288173
h2d_pinned_nonblocking_dedicated,h2d,True,True,True,8,8388608,14,1.7613540403544903,1.7417919635772705,4.435508035867483,4.485323255226638
h2d_pinned_nonblocking_dedicated,h2d,True,True,True,8,8388608,15,1.7630471847951412,1.7447680234909058,4.431248390500553,4.477672615966945
h2d_pinned_nonblocking_dedicated,h2d,True,True,True,8,8388608,16,1.7593903467059135,1.7393920421600342,4.440458602394434,4.4915118677317745
h2d_pinned_nonblocking_dedicated,h2d,True,True,True,8,8388608,17,1.756293699145317,1.737280011177063,4.448287893876676,4.496972249572353
h2d_pinned_nonblocking_dedicated,h2d,True,True,True,8,8388608,18,1.7529181204736233,1.7333760261535645,4.456853921898605,4.507100526442766
h2d_pinned_nonblocking_dedicated,h2d,True,True,True,8,8388608,19,1.7439010553061962,1.7253119945526123,4.479898659519002,4.528166514037275
h2d_pinned_nonblocking_dedicated,h2d,True,True,True,8,8388608,20,1.7414861358702183,1.7214080095291138,4.486110936562871,4.538435952866913
d2h_pinned_nonblocking_dedicated,d2h,True,True,True,8,8388608,1,0.34439004957675934,0.32633599638938904,22.68503404671891,23.940049784388503
d2h_pinned_nonblocking_dedicated,d2h,True,True,True,8,8388608,2,0.343899242579937,0.32576000690460205,22.717409731380954,23.982379157696514
d2h_pinned_nonblocking_dedicated,d2h,True,True,True,8,8388608,3,0.350000336766243,0.32688000798225403,22.321407094010272,23.90020744377898
d2h_pinned_nonblocking_dedicated,d2h,True,True,True,8,8388608,4,0.34436024725437164,0.3269439935684204,22.68699730090817,23.89552997970907
d2h_pinned_nonblocking_dedicated,d2h,True,True,True,8,8388608,5,0.34270714968442917,0.3255999982357025,22.79643131809152,23.994164749179497
d2h_pinned_nonblocking_dedicated,d2h,True,True,True,8,8388608,6,0.34208502620458603,0.3250559866428375,22.83788941795917,24.034321227820232
d2h_pinned_nonblocking_dedicated,d2h,True,True,True,8,8388608,7,0.34584198147058487,0.32713600993156433,22.58979655037768,23.881504214819845
d2h_pinned_nonblocking_dedicated,d2h,True,True,True,8,8388608,8,0.3431369550526142,0.3253119885921478,22.76787703849061,24.015407590141834
d2h_pinned_nonblocking_dedicated,d2h,True,True,True,8,8388608,9,0.34265685826539993,0.32556799054145813,22.79977712849086,23.99652369696077
d2h_pinned_nonblocking_dedicated,d2h,True,True,True,8,8388608,10,0.34424010664224625,0.32659199833869934,22.694915116672302,23.9212841702811
d2h_pinned_nonblocking_dedicated,d2h,True,True,True,8,8388608,11,0.3449609503149986,0.3253119885921478,22.647490948949645,24.015407590141834
d2h_pinned_nonblocking_dedicated,d2h,True,True,True,8,8388608,12,0.3433576785027981,0.32630398869514465,22.75324097619193,23.942398103196243
d2h_pinned_nonblocking_dedicated,d2h,True,True,True,8,8388608,13,0.3424570895731449,0.32528001070022583,22.813077135409515,24.017768516368832
d2h_pinned_nonblocking_dedicated,d2h,True,True,True,8,8388608,14,0.34375907853245735,0.32547199726104736,22.726672509573742,24.003601126194347
d2h_pinned_nonblocking_dedicated,d2h,True,True,True,8,8388608,15,0.34872815012931824,0.32844799757003784,22.402837273397356,23.786109392656815
d2h_pinned_nonblocking_dedicated,d2h,True,True,True,8,8388608,16,0.34243613481521606,0.32524800300598145,22.8144731402711,24.020132107794446
d2h_pinned_nonblocking_dedicated,d2h,True,True,True,8,8388608,17,0.3443588502705097,0.3258560001850128,22.687089336786094,23.97531423562635
d2h_pinned_nonblocking_dedicated,d2h,True,True,True,8,8388608,18,0.3437078557908535,0.3264960050582886,22.730059462923396,23.92831728095801
d2h_pinned_nonblocking_dedicated,d2h,True,True,True,8,8388608,19,0.342576764523983,0.32521599531173706,22.805107669387965,24.02249616446847
d2h_pinned_nonblocking_dedicated,d2h,True,True,True,8,8388608,20,0.34234626218676567,0.3249279856681824,22.820462388276116,24.04378922281614
h2d_pageable_blocking,h2d,False,False,False,32,33554432,1,3.0794418416917324,3.056256055831909,10.147942908651393,10.22492861498602
h2d_pageable_blocking,h2d,False,False,False,32,33554432,2,3.1115817837417126,3.087104082107544,10.043123456784581,10.122755556290103
h2d_pageable_blocking,h2d,False,False,False,32,33554432,3,3.1521981582045555,3.118623971939087,9.913716851417593,10.02044500432974
h2d_pageable_blocking,h2d,False,False,False,32,33554432,4,3.15558398142457,3.1298880577087402,9.903079805181534,9.98438264366452
h2d_pageable_blocking,h2d,False,False,False,32,33554432,5,3.7422017194330692,3.70963191986084,8.350698958241692,8.424016364721243
h2d_pageable_blocking,h2d,False,False,False,32,33554432,6,3.886164166033268,3.8596160411834717,8.041348400342509,8.096660306764045
h2d_pageable_blocking,h2d,False,False,False,32,33554432,7,3.1225918792188168,3.090816020965576,10.007711929302095,10.110598556505943
h2d_pageable_blocking,h2d,False,False,False,32,33554432,8,3.1156688928604126,3.0901119709014893,10.029948969099284,10.112902151854168
h2d_pageable_blocking,h2d,False,False,False,32,33554432,9,3.0884388834238052,3.06278395652771,10.118380573345403,10.20313559283112
h2d_pageable_blocking,h2d,False,False,False,32,33554432,10,3.0843811109662056,3.059295892715454,10.13169218579824,10.214768723224829
h2d_pageable_blocking,h2d,False,False,False,32,33554432,11,3.103105816990137,3.076319932937622,10.070555708703157,10.15824123668403
h2d_pageable_blocking,h2d,False,False,False,32,33554432,12,3.0754441395401955,3.051071882247925,10.161133996298869,10.242302117436864
h2d_pageable_blocking,h2d,False,False,False,32,33554432,13,3.074822947382927,3.0476160049438477,10.1631868028687,10.253916487282583
h2d_pageable_blocking,h2d,False,False,False,32,33554432,14,3.126409836113453,3.1000959873199463,9.9954905588603,10.080333037370185
h2d_pageable_blocking,h2d,False,False,False,32,33554432,15,3.088297788053751,3.0623040199279785,10.118842852811092,10.204734669268715
h2d_pageable_blocking,h2d,False,False,False,32,33554432,16,3.0644633807241917,3.037152051925659,10.197543947356625,10.289244484874052
h2d_pageable_blocking,h2d,False,False,False,32,33554432,17,3.0704541131854057,3.0428481101989746,10.177647620853081,10.269983537875815
h2d_pageable_blocking,h2d,False,False,False,32,33554432,18,3.080902621150017,3.0550079345703125,10.143131362047148,10.229106002107756
h2d_pageable_blocking,h2d,False,False,False,32,33554432,19,3.052360378205776,3.027103900909424,10.237978524137842,10.323398542947817
h2d_pageable_blocking,h2d,False,False,False,32,33554432,20,3.0600950121879578,3.032991886138916,10.212101217620807,10.303357599740277
d2h_pageable_blocking,d2h,False,False,False,32,33554432,1,2.110593020915985,2.091423988342285,14.806265201444512,14.941972634047069
d2h_pageable_blocking,d2h,False,False,False,32,33554432,2,2.090353984385729,2.070336103439331,14.949621084958546,15.094167535448065
d2h_pageable_blocking,d2h,False,False,False,32,33554432,3,2.098651137202978,2.0793280601501465,14.89051679244274,15.028893515602084
d2h_pageable_blocking,d2h,False,False,False,32,33554432,4,2.0917169749736786,2.07094407081604,14.939879713120959,15.08973633830979
d2h_pageable_blocking,d2h,False,False,False,32,33554432,5,2.0930799655616283,2.0721280574798584,14.930151028231167,15.081114261831164
d2h_pageable_blocking,d2h,False,False,False,32,33554432,6,2.09857989102602,2.0781760215759277,14.891022321157148,15.037224794992303
d2h_pageable_blocking,d2h,False,False,False,32,33554432,7,2.1025766618549824,2.0812480449676514,14.86271609827055,15.015029119455924
d2h_pageable_blocking,d2h,False,False,False,32,33554432,8,2.0999331027269363,2.0787200927734375,14.881426441356297,15.033289045811893
d2h_pageable_blocking,d2h,False,False,False,32,33554432,9,2.103258855640888,2.0842559337615967,14.857895363753384,14.993360217332343
d2h_pageable_blocking,d2h,False,False,False,32,33554432,10,2.097948919981718,2.0776000022888184,14.895500887730059,15.041393899486419
d2h_pageable_blocking,d2h,False,False,False,32,33554432,11,2.091566566377878,2.0723841190338135,14.94095406875716,15.079250855565023
d2h_pageable_blocking,d2h,False,False,False,32,33554432,12,2.0958753302693367,2.0772480964660645,14.910238003509553,15.043942056398713
d2h_pageable_blocking,d2h,False,False,False,32,33554432,13,2.0996620878577232,2.0805439949035645,14.883347268457015,15.020110161837012
d2h_pageable_blocking,d2h,False,False,False,32,33554432,14,2.097398042678833,2.078432083129883,14.899413160549612,15.035372218148716
d2h_pageable_blocking,d2h,False,False,False,32,33554432,15,2.096487209200859,2.071392059326172,14.905886314427791,15.08647281875054
d2h_pageable_blocking,d2h,False,False,False,32,33554432,16,2.0955847576260567,2.075295925140381,14.91230544900554,15.058093461001775
d2h_pageable_blocking,d2h,False,False,False,32,33554432,17,2.094853203743696,2.074847936630249,14.917513047765524,15.061344712689154
d2h_pageable_blocking,d2h,False,False,False,32,33554432,18,2.0993510261178017,2.0713279247283936,14.88555254039086,15.086939941727339
d2h_pageable_blocking,d2h,False,False,False,32,33554432,19,2.0867479033768177,2.0671679973602295,14.975455324253886,15.11730059671309
d2h_pageable_blocking,d2h,False,False,False,32,33554432,20,2.0994911901652813,2.079904079437256,14.884558766612333,15.024731336867745
h2d_pinned_blocking,h2d,True,False,False,32,33554432,1,2.1929582580924034,2.172640085220337,14.250157240650605,14.383422368289224
h2d_pinned_blocking,h2d,True,False,False,32,33554432,2,2.1877288818359375,2.1670079231262207,14.284219703574543,14.4208056032012
h2d_pinned_blocking,h2d,True,False,False,32,33554432,3,5.134118255227804,5.102975845336914,6.086731634624847,6.1238777033515
h2d_pinned_blocking,h2d,True,False,False,32,33554432,4,2.286324743181467,2.250943899154663,13.668224556987033,13.883064794167401
h2d_pinned_blocking,h2d,True,False,False,32,33554432,5,4.010146949440241,3.989471912384033,7.792731885888135,7.83311693535037
h2d_pinned_blocking,h2d,True,False,False,32,33554432,6,7.444668095558882,7.41264009475708,4.197635085792769,4.2157719247833105
h2d_pinned_blocking,h2d,True,False,False,32,33554432,7,7.404612842947245,7.382431983947754,4.220342192470609,4.233022406159585
h2d_pinned_blocking,h2d,True,False,False,32,33554432,8,7.339049130678177,7.318079948425293,4.258044801658426,4.270245777613346
h2d_pinned_blocking,h2d,True,False,False,32,33554432,9,7.31585593894124,7.295008182525635,4.271543926071696,4.283751192336677
h2d_pinned_blocking,h2d,True,False,False,32,33554432,10,7.307450287044048,7.286655902862549,4.276457419820642,4.288661412943007
h2d_pinned_blocking,h2d,True,False,False,32,33554432,11,7.304233033210039,7.284800052642822,4.278341046611756,4.289753977346701
h2d_pinned_blocking,h2d,True,False,False,32,33554432,12,7.277463097125292,7.257472038269043,4.294078799567424,4.305907047966159
h2d_pinned_blocking,h2d,True,False,False,32,33554432,13,7.263056002557278,7.242176055908203,4.302596591434386,4.315001424814313
h2d_pinned_blocking,h2d,True,False,False,32,33554432,14,7.2441198863089085,7.223711967468262,4.313843571123281,4.326030736099847
h2d_pinned_blocking,h2d,True,False,False,32,33554432,15,7.368545047938824,7.326047897338867,4.2410000612999506,4.26560137715607
h2d_pinned_blocking,h2d,True,False,False,32,33554432,16,7.294295355677605,7.235072135925293,4.2841698171265,4.319238207015256
h2d_pinned_blocking,h2d,True,False,False,32,33554432,17,7.25440913811326,7.2336320877075195,4.3077250545214705,4.320098067069892
h2d_pinned_blocking,h2d,True,False,False,32,33554432,18,7.250863127410412,7.228320121765137,4.309831733254726,4.32327283152601
h2d_pinned_blocking,h2d,True,False,False,32,33554432,19,7.191060110926628,7.169663906097412,4.34567358886577,4.358642247291893
h2d_pinned_blocking,h2d,True,False,False,32,33554432,20,7.191530894488096,7.171232223510742,4.345389105392201,4.357689031119016
d2h_pinned_blocking,d2h,True,False,False,32,33554432,1,1.3074171729385853,1.2877440452575684,23.90208775502136,24.267244810865755
d2h_pinned_blocking,d2h,True,False,False,32,33554432,2,1.315802801400423,1.2967040538787842,23.74975943715904,24.099562198886478
d2h_pinned_blocking,d2h,True,False,False,32,33554432,3,1.3108537532389164,1.2909120321273804,23.839425201160765,24.207691323862736
d2h_pinned_blocking,d2h,True,False,False,32,33554432,4,1.3072160072624683,1.2884800434112549,23.90576601448049,24.25338301497129
d2h_pinned_blocking,d2h,True,False,False,32,33554432,5,1.3172761537134647,1.2974400520324707,23.72319571101682,24.085891252583217
d2h_pinned_blocking,d2h,True,False,False,32,33554432,6,1.4811153523623943,1.4619200229644775,21.098964338028043,21.375998350875125
d2h_pinned_blocking,d2h,True,False,False,32,33554432,7,1.3085491955280304,1.2888319492340088,23.88141011954074,24.246760812045984
d2h_pinned_blocking,d2h,True,False,False,32,33554432,8,1.3072867877781391,1.2877440452575684,23.904471682998043,24.267244810865755
d2h_pinned_blocking,d2h,True,False,False,32,33554432,9,1.30810821428895,1.2886719703674316,23.88946087077865,24.24977086379078
d2h_pinned_blocking,d2h,True,False,False,32,33554432,10,1.3092700392007828,1.2896000146865845,23.86826175223251,24.23231982328628
d2h_pinned_blocking,d2h,True,False,False,32,33554432,11,1.3065161183476448,1.2884800434112549,23.9185721179789,24.25338301497129
d2h_pinned_blocking,d2h,True,False,False,32,33554432,12,1.3064849190413952,1.2891199588775635,23.919143301653268,24.241343704901883
d2h_pinned_blocking,d2h,True,False,False,32,33554432,13,1.319629605859518,1.2919360399246216,23.6808873196247,24.188503946235056
d2h_pinned_blocking,d2h,True,False,False,32,33554432,14,1.307566650211811,1.2888000011444092,23.89935533682956,24.247361865495886
d2h_pinned_blocking,d2h,True,False,False,32,33554432,15,1.3067959807813168,1.2889599800109863,23.913449734759684,24.24435241172782
d2h_pinned_blocking,d2h,True,False,False,32,33554432,16,1.306365244090557,1.2880640029907227,23.921334512963934,24.261216777614642
d2h_pinned_blocking,d2h,True,False,False,32,33554432,17,1.3078879565000534,1.2896959781646729,23.89348402872821,24.230516748971276
d2h_pinned_blocking,d2h,True,False,False,32,33554432,18,1.305554062128067,1.288256049156189,23.93619759342801,24.25760004811841
d2h_pinned_blocking,d2h,True,False,False,32,33554432,19,1.3057738542556763,1.288159966468811,23.932168574330415,24.25940940057667
d2h_pinned_blocking,d2h,True,False,False,32,33554432,20,1.3059540651738644,1.2877119779586792,23.928866131933685,24.26784912689751
h2d_pinned_nonblocking_default,h2d,True,True,False,32,33554432,1,2.449382096529007,2.427232027053833,12.758319759209492,12.874747717436456
h2d_pinned_nonblocking_default,h2d,True,True,False,32,33554432,2,2.4423180148005486,2.4187839031219482,12.795221511131516,12.919715547827698
h2d_pinned_nonblocking_default,h2d,True,True,False,32,33554432,3,2.430836670100689,2.408735990524292,12.855655990538262,12.973609446171825
h2d_pinned_nonblocking_default,h2d,True,True,False,32,33554432,4,2.4243048392236233,2.40499210357666,12.890293124196264,12.993805656794288
h2d_pinned_nonblocking_default,h2d,True,True,False,32,33554432,5,2.4268203414976597,2.407104015350342,12.876931788331204,12.982405330519844
h2d_pinned_nonblocking_default,h2d,True,True,False,32,33554432,6,2.423523925244808,2.4021759033203125,12.894446666889552,13.009038995356637
h2d_pinned_nonblocking_default,h2d,True,True,False,32,33554432,7,2.4247150868177414,2.4030721187591553,12.888112162082228,13.004187330064891
h2d_pinned_nonblocking_default,h2d,True,True,False,32,33554432,8,2.4226922541856766,2.401279926300049,12.898873121837696,13.013892990040011
h2d_pinned_nonblocking_default,h2d,True,True,False,32,33554432,9,2.4182540364563465,2.3980159759521484,12.922546402855602,13.03160625841618
h2d_pinned_nonblocking_default,h2d,True,True,False,32,33554432,10,2.4223211221396923,2.4014079570770264,12.900849401996773,13.013199155897375
h2d_pinned_nonblocking_default,h2d,True,True,False,32,33554432,11,2.4154777638614178,2.395263910293579,12.937399162823713,13.04657907034962
h2d_pinned_nonblocking_default,h2d,True,True,False,32,33554432,12,2.4102991446852684,2.391551971435547,12.965195655861447,13.066828725968248
h2d_pinned_nonblocking_default,h2d,True,True,False,32,33554432,13,2.409357111901045,2.3908159732818604,12.970264908277937,13.07085126970408
h2d_pinned_nonblocking_default,h2d,True,True,False,32,33554432,14,2.4241451174020767,2.4039039611816406,12.891142438489902,12.999687385447396
h2d_pinned_nonblocking_default,h2d,True,True,False,32,33554432,15,2.4112602695822716,2.3914880752563477,12.960027747404379,13.0671778476881
h2d_pinned_nonblocking_default,h2d,True,True,False,32,33554432,16,2.410088200122118,2.389631986618042,12.96633044318319,13.077327460881108
h2d_pinned_nonblocking_default,h2d,True,True,False,32,33554432,17,2.407583873718977,2.388000011444092,12.97981779207067,13.086264593902674
h2d_pinned_nonblocking_default,h2d,True,True,False,32,33554432,18,2.409486100077629,2.388607978820801,12.969570564857454,13.082933774435176
h2d_pinned_nonblocking_default,h2d,True,True,False,32,33554432,19,2.410789020359516,2.390752077102661,12.962561110113132,13.071200606409887
h2d_pinned_nonblocking_default,h2d,True,True,False,32,33554432,20,2.4066809564828873,2.3859519958496094,12.984687445098086,13.097497373945382
d2h_pinned_nonblocking_default,d2h,True,True,False,32,33554432,1,1.2998329475522041,1.2816959619522095,24.04155092302346,24.38175739619379
d2h_pinned_nonblocking_default,d2h,True,True,False,32,33554432,2,1.3014860451221466,1.282655954360962,24.011014268744724,24.363509087336837
d2h_pinned_nonblocking_default,d2h,True,True,False,32,33554432,3,1.3145809061825275,1.293280005455017,23.771834698823007,24.163367459628557
d2h_pinned_nonblocking_default,d2h,True,True,False,32,33554432,4,1.3059540651738644,1.2845120429992676,23.928866131933685,24.328304409690784
d2h_pinned_nonblocking_default,d2h,True,True,False,32,33554432,5,1.3007540255784988,1.2819199562072754,24.0245268401932,24.377497088396325
d2h_pinned_nonblocking_default,d2h,True,True,False,32,33554432,6,1.30366999655962,1.2834240198135376,23.970790217208826,24.348928738718914
d2h_pinned_nonblocking_default,d2h,True,True,False,32,33554432,7,1.306074671447277,1.2842880487442017,23.926656479274264,24.33254753912627
d2h_pinned_nonblocking_default,d2h,True,True,False,32,33554432,8,1.3023479841649532,1.282431960105896,23.995122947141542,24.36776450691353
d2h_pinned_nonblocking_default,d2h,True,True,False,32,33554432,9,1.3000131584703922,1.2815040349960327,24.038218226013225,24.385408977738212
d2h_pinned_nonblocking_default,d2h,True,True,False,32,33554432,10,1.3003041967749596,1.2819199562072754,24.032837914010333,24.377497088396325
d2h_pinned_nonblocking_default,d2h,True,True,False,32,33554432,11,1.3088402338325977,1.284224033355713,23.876099765433185,24.333760456376822
d2h_pinned_nonblocking_default,d2h,True,True,False,32,33554432,12,1.3043410144746304,1.284127950668335,23.958458450060352,24.335581188569005
d2h_pinned_nonblocking_default,d2h,True,True,False,32,33554432,13,1.3019470497965813,1.2822400331497192,24.00251224109503,24.371411898002354
d2h_pinned_nonblocking_default,d2h,True,True,False,32,33554432,14,1.3058842159807682,1.28438401222229,23.930146040190916,24.33072951907122
d2h_pinned_nonblocking_default,d2h,True,True,False,32,33554432,15,1.3046418316662312,1.2840640544891357,23.95293423949842,24.336792148918768
d2h_pinned_nonblocking_default,d2h,True,True,False,32,33554432,16,1.3002739287912846,1.2819520235061646,24.033397354240225,24.376887299206896
d2h_pinned_nonblocking_default,d2h,True,True,False,32,33554432,17,1.303108874708414,1.2834559679031372,23.981112097784273,24.348322639424158
d2h_pinned_nonblocking_default,d2h,True,True,False,32,33554432,18,1.3046320527791977,1.2841919660568237,23.953113779037977,24.334368089807242
d2h_pinned_nonblocking_default,d2h,True,True,False,32,33554432,19,1.3045822270214558,1.2837120294570923,23.95402861753539,24.34346588869799
d2h_pinned_nonblocking_default,d2h,True,True,False,32,33554432,20,1.3021370396018028,1.2816319465637207,23.999010126888287,24.382975224507092
h2d_pinned_nonblocking_dedicated,h2d,True,True,True,32,33554432,1,7.103253621608019,7.083424091339111,4.3993924002569536,4.411708179128977
h2d_pinned_nonblocking_dedicated,h2d,True,True,True,32,33554432,2,7.09352595731616,7.072671890258789,4.405425480648196,4.418415060797704
h2d_pinned_nonblocking_dedicated,h2d,True,True,True,32,33554432,3,7.0791388861835,7.058464050292969,4.414378712217564,4.427308799384328
h2d_pinned_nonblocking_dedicated,h2d,True,True,True,32,33554432,4,7.1756113320589066,7.156032085418701,4.355029634950058,4.36694520468623
h2d_pinned_nonblocking_dedicated,h2d,True,True,True,32,33554432,5,7.050433661788702,7.030399799346924,4.432351469295556,4.444981920217811
h2d_pinned_nonblocking_dedicated,h2d,True,True,True,32,33554432,6,7.036898750811815,7.016479969024658,4.440876742243141,4.453800215771723
h2d_pinned_nonblocking_dedicated,h2d,True,True,True,32,33554432,7,7.012843154370785,6.992671966552734,4.456109927472612,4.4689641026312446
h2d_pinned_nonblocking_dedicated,h2d,True,True,True,32,33554432,8,7.009026128798723,6.9892802238464355,4.45853666768338,4.471132791811583
h2d_pinned_nonblocking_dedicated,h2d,True,True,True,32,33554432,9,7.0711239241063595,7.051328182220459,4.419382312543665,4.431789188141204
h2d_pinned_nonblocking_dedicated,h2d,True,True,True,32,33554432,10,6.965023931115866,6.944896221160889,4.486703894927385,4.49970726773169
h2d_pinned_nonblocking_dedicated,h2d,True,True,True,32,33554432,11,7.371341343969107,7.351136207580566,4.239391250761615,4.251043528179315
h2d_pinned_nonblocking_dedicated,h2d,True,True,True,32,33554432,12,6.927532143890858,6.907872200012207,4.510985925566329,4.5238242826705415
h2d_pinned_nonblocking_dedicated,h2d,True,True,True,32,33554432,13,6.936418823897839,6.916096210479736,4.505206619348777,4.518444950584679
h2d_pinned_nonblocking_dedicated,h2d,True,True,True,32,33554432,14,6.926321424543858,6.905695915222168,4.511774444839313,4.525249936232478
h2d_pinned_nonblocking_dedicated,h2d,True,True,True,32,33554432,15,6.902735680341721,6.883903980255127,4.527190587493706,4.53957523080411
h2d_pinned_nonblocking_dedicated,h2d,True,True,True,32,33554432,16,6.902595981955528,6.876031875610352,4.5272822111698865,4.544772416027535
h2d_pinned_nonblocking_dedicated,h2d,True,True,True,32,33554432,17,6.890933960676193,6.871520042419434,4.534944055237108,4.547756509052836
h2d_pinned_nonblocking_dedicated,h2d,True,True,True,32,33554432,18,6.902895867824554,6.8843841552734375,4.527085530242603,4.539258602537818
h2d_pinned_nonblocking_dedicated,h2d,True,True,True,32,33554432,19,6.8655158393085,6.844672203063965,4.551733727140817,4.565594826588069
h2d_pinned_nonblocking_dedicated,h2d,True,True,True,32,33554432,20,6.847652141004801,6.827904224395752,4.563607986578372,4.576807022035451
d2h_pinned_nonblocking_dedicated,d2h,True,True,True,32,33554432,1,1.3009048998355865,1.2817920446395874,24.021740562242094,24.379929748110456
d2h_pinned_nonblocking_dedicated,d2h,True,True,True,32,33554432,2,1.3023680076003075,1.2828480005264282,23.994754030836518,24.359861797482075
d2h_pinned_nonblocking_dedicated,d2h,True,True,True,32,33554432,3,1.3019060716032982,1.2826240062713623,24.003267733067414,24.36411594294493
d2h_pinned_nonblocking_dedicated,d2h,True,True,True,32,33554432,4,1.3017472811043262,1.2825920581817627,24.006195713725116,24.364722828785364
d2h_pinned_nonblocking_dedicated,d2h,True,True,True,32,33554432,5,1.6867644153535366,1.2825920581817627,18.52659429826196,24.364722828785364
d2h_pinned_nonblocking_dedicated,d2h,True,True,True,32,33554432,6,1.4997897669672966,1.3048640489578247,20.836253645862765,23.948855074181026
d2h_pinned_nonblocking_dedicated,d2h,True,True,True,32,33554432,7,1.3118060305714607,1.2881280183792114,23.822119483919884,24.260011081290155
d2h_pinned_nonblocking_dedicated,d2h,True,True,True,32,33554432,8,1.3069668784737587,1.2849279642105103,23.910322835795903,24.32042952633592
d2h_pinned_nonblocking_dedicated,d2h,True,True,True,32,33554432,9,1.3060038909316063,1.2847039699554443,23.92795321437256,24.324669909040445
d2h_pinned_nonblocking_dedicated,d2h,True,True,True,32,33554432,10,1.3042911887168884,1.285248041152954,23.959373696867914,24.314372789836465
d2h_pinned_nonblocking_dedicated,d2h,True,True,True,32,33554432,11,1.30402110517025,1.2851519584655762,23.964336064882993,24.316190621777785
d2h_pinned_nonblocking_dedicated,d2h,True,True,True,32,33554432,12,1.3031186535954475,1.2839360237121582,23.98093213828059,24.339218950839133
d2h_pinned_nonblocking_dedicated,d2h,True,True,True,32,33554432,13,1.3039810582995415,1.2845760583877563,23.9650720392761,24.327092036279424
d2h_pinned_nonblocking_dedicated,d2h,True,True,True,32,33554432,14,1.3022678904235363,1.2840640544891357,23.996598725809456,24.336792148918768
d2h_pinned_nonblocking_dedicated,d2h,True,True,True,32,33554432,15,1.3031288981437683,1.2847039699554443,23.980743612173605,24.324669909040445
d2h_pinned_nonblocking_dedicated,d2h,True,True,True,32,33554432,16,1.465856097638607,1.447775959968567,21.318600134311676,21.58483139938204
d2h_pinned_nonblocking_dedicated,d2h,True,True,True,32,33554432,17,1.3065258972346783,1.2857600450515747,23.91839309587514,24.304690537141784
d2h_pinned_nonblocking_dedicated,d2h,True,True,True,32,33554432,18,1.3040206395089626,1.285215973854065,23.964344622465017,24.3149794553895
d2h_pinned_nonblocking_dedicated,d2h,True,True,True,32,33554432,19,1.3026879169046879,1.2843199968338013,23.988861487448975,24.331942255076434
d2h_pinned_nonblocking_dedicated,d2h,True,True,True,32,33554432,20,1.3051433488726616,1.2849600315093994,23.943730033174276,24.319822588794203
h2d_pageable_blocking,h2d,False,False,False,128,134217728,1,12.929057702422142,12.904031753540039,9.66814464572947,9.68689494782962
h2d_pageable_blocking,h2d,False,False,False,128,134217728,2,12.915822677314281,12.887231826782227,9.678051729492505,9.699522882813762
h2d_pageable_blocking,h2d,False,False,False,128,134217728,3,12.893571052700281,12.865856170654297,9.694754035874448,9.715637913403091
h2d_pageable_blocking,h2d,False,False,False,128,134217728,4,12.859135866165161,12.831328392028809,9.720715396506451,9.741781690947416
h2d_pageable_blocking,h2d,False,False,False,128,134217728,5,12.814160902053118,12.784416198730469,9.75483302851084,9.777528989740874
h2d_pageable_blocking,h2d,False,False,False,128,134217728,6,12.827255763113499,12.79753589630127,9.744874687807686,9.767505323905938
h2d_pageable_blocking,h2d,False,False,False,128,134217728,7,12.762544211000204,12.733407974243164,9.79428536609972,9.816696382684592
h2d_pageable_blocking,h2d,False,False,False,128,134217728,8,12.73649511858821,12.706048011779785,9.814316955813803,9.837834697626864
h2d_pageable_blocking,h2d,False,False,False,128,134217728,9,12.700977269560099,12.67091178894043,9.841762357892119,9.865114845886934
h2d_pageable_blocking,h2d,False,False,False,128,134217728,10,12.691469863057137,12.661087989807129,9.849134997661324,9.872769235995506
h2d_pageable_blocking,h2d,False,False,False,128,134217728,11,12.659087777137756,12.629023551940918,9.874329193431246,9.897835686654421
h2d_pageable_blocking,h2d,False,False,False,128,134217728,12,12.635363731533289,12.60591983795166,9.892869145353156,9.91597611335527
h2d_pageable_blocking,h2d,False,False,False,128,134217728,13,12.625615112483501,12.59558391571045,9.90050772864183,9.92411315239524
h2d_pageable_blocking,h2d,False,False,False,128,134217728,14,12.598463799804449,12.569343566894531,9.921844598381925,9.944831194624062
h2d_pageable_blocking,h2d,False,False,False,128,134217728,15,12.569990009069443,12.521056175231934,9.944319757598102,9.983183387297961
h2d_pageable_blocking,h2d,False,False,False,128,134217728,16,12.561083771288395,12.529279708862305,9.951370620242166,9.976630971977109
h2d_pageable_blocking,h2d,False,False,False,128,134217728,17,12.501049786806107,12.470175743103027,9.999160241080542,10.02391646879032
h2d_pageable_blocking,h2d,False,False,False,128,134217728,18,12.477175332605839,12.446720123291016,10.018293136696183,10.04280635876859
h2d_pageable_blocking,h2d,False,False,False,128,134217728,19,13.930958230048418,13.834239959716797,8.972821390733978,9.035552394925995
h2d_pageable_blocking,h2d,False,False,False,128,134217728,20,14.240972697734833,14.18239974975586,8.777490319876991,8.813741130245027
d2h_pageable_blocking,d2h,False,False,False,128,134217728,1,12.238023802638054,12.216863632202148,10.2140674030275,10.23175863815942
d2h_pageable_blocking,d2h,False,False,False,128,134217728,2,12.191586662083864,12.168671607971191,10.252972272161514,10.272279836865488
d2h_pageable_blocking,d2h,False,False,False,128,134217728,3,12.197798117995262,12.175264358520508,10.247751175319834,10.266717528192506
d2h_pageable_blocking,d2h,False,False,False,128,134217728,4,12.204951141029596,12.182432174682617,10.241745219264773,10.260676867118002
d2h_pageable_blocking,d2h,False,False,False,128,134217728,5,12.205833103507757,12.183135986328125,10.241005176785274,10.260084114654436
d2h_pageable_blocking,d2h,False,False,False,128,134217728,6,12.188521213829517,12.166751861572266,10.255550924272148,10.27390066158929
d2h_pageable_blocking,d2h,False,False,False,128,134217728,7,12.221572920680046,12.200480461120605,10.227816076643318,10.245498150530938
d2h_pageable_blocking,d2h,False,False,False,128,134217728,8,12.214790098369122,12.194144248962402,10.23349554051605,10.250821824634086
d2h_pageable_blocking,d2h,False,False,False,128,134217728,9,12.185765895992517,12.164287567138672,10.257869802103144,10.275981993198057
d2h_pageable_blocking,d2h,False,False,False,128,134217728,10,12.199641205370426,12.179712295532227,10.246202973983655,10.262968202118586
d2h_pageable_blocking,d2h,False,False,False,128,134217728,11,12.185584288090467,12.164416313171387,10.258022680304977,10.275873234020484
d2h_pageable_blocking,d2h,False,False,False,128,134217728,12,12.183209881186485,12.1626558303833,10.260021884136385,10.277360614590432
d2h_pageable_blocking,d2h,False,False,False,128,134217728,13,12.197969015687704,12.176480293273926,10.247607600842285,10.265692301004897
d2h_pageable_blocking,d2h,False,False,False,128,134217728,14,12.187919113785028,12.166239738464355,10.256057562658087,10.274333128978578
d2h_pageable_blocking,d2h,False,False,False,128,134217728,15,12.203097809106112,12.180864334106445,10.243300672942517,10.261997553818881
d2h_pageable_blocking,d2h,False,False,False,128,134217728,16,12.396584264934063,12.376480102539062,10.083422766187672,10.099802121796808
d2h_pageable_blocking,d2h,False,False,False,128,134217728,17,12.223897967487574,12.202207565307617,10.225870694639948,10.24404799959234
d2h_pageable_blocking,d2h,False,False,False,128,134217728,18,12.186076026409864,12.163999557495117,10.257608743708635,10.276225299842146
d2h_pageable_blocking,d2h,False,False,False,128,134217728,19,12.172080110758543,12.152640342712402,10.26940332815557,10.28583060758142
d2h_pageable_blocking,d2h,False,False,False,128,134217728,20,12.190344277769327,12.170175552368164,10.254017208353476,10.27101042726344
h2d_pinned_blocking,h2d,True,False,False,128,134217728,1,29.278399888426065,29.25708770751953,4.269358997634747,4.272468991090765
h2d_pinned_blocking,h2d,True,False,False,128,134217728,2,18.023200798779726,17.997983932495117,6.935505041283411,6.945222335392476
h2d_pinned_blocking,h2d,True,False,False,128,134217728,3,9.67423478141427,9.651391983032227,12.920918586774915,12.95149966137093
h2d_pinned_blocking,h2d,True,False,False,128,134217728,4,9.593863971531391,9.57430362701416,13.02916117749033,13.055779811213535
h2d_pinned_blocking,h2d,True,False,False,128,134217728,5,9.649698622524738,9.629119873046875,12.953772432666412,12.981456420528197
h2d_pinned_blocking,h2d,True,False,False,128,134217728,6,9.62694687768817,9.608256340026855,12.984386596097817,13.009644578201442
h2d_pinned_blocking,h2d,True,False,False,128,134217728,7,9.5774931833148,9.55833625793457,13.051431894283752,13.077589721352913
h2d_pinned_blocking,h2d,True,False,False,128,134217728,8,9.564237669110298,9.545727729797363,13.06952047037827,13.094863329257507
h2d_pinned_blocking,h2d,True,False,False,128,134217728,9,9.549479931592941,9.531583786010742,13.089718067939732,13.114294833504927
h2d_pinned_blocking,h2d,True,False,False,128,134217728,10,9.553717914968729,9.533760070800781,13.083911531881267,13.11130121502006
h2d_pinned_blocking,h2d,True,False,False,128,134217728,11,9.533029049634933,9.514240264892578,13.112306628792542,13.138200898840905
h2d_pinned_blocking,h2d,True,False,False,128,134217728,12,9.523481130599976,9.504768371582031,13.125452582497536,13.151293657374445
h2d_pinned_blocking,h2d,True,False,False,128,134217728,13,9.524573106318712,9.504863739013672,13.123947772218111,13.15116170334193
h2d_pinned_blocking,h2d,True,False,False,128,134217728,14,9.5052570104599,9.487360000610352,13.15061758587336,13.175424985660747
h2d_pinned_blocking,h2d,True,False,False,128,134217728,15,9.492812678217888,9.475071907043457,13.16785701321419,13.19251201746333
h2d_pinned_blocking,h2d,True,False,False,128,134217728,16,9.49649978429079,9.478400230407715,13.162744467890823,13.187879490358164
h2d_pinned_blocking,h2d,True,False,False,128,134217728,17,9.494256228208542,9.466591835021973,13.16585491221634,13.204329729053947
h2d_pinned_blocking,h2d,True,False,False,128,134217728,18,9.49324481189251,9.47488021850586,13.167257610738982,13.192778918287146
h2d_pinned_blocking,h2d,True,False,False,128,134217728,19,9.471592959016562,9.452383995056152,13.197357671605303,13.224177103403578
h2d_pinned_blocking,h2d,True,False,False,128,134217728,20,9.464279748499393,9.445055961608887,13.207555495157393,13.234437202710579
d2h_pinned_blocking,d2h,True,False,False,128,134217728,1,5.134189035743475,5.112832069396973,24.34659088899303,24.44828977430956
d2h_pinned_blocking,d2h,True,False,False,128,134217728,2,5.136442836374044,5.113728046417236,24.335907939012696,24.44400618597172
d2h_pinned_blocking,d2h,True,False,False,128,134217728,3,5.133907776325941,5.113408088684082,24.347924708818145,24.44553570379483
d2h_pinned_blocking,d2h,True,False,False,128,134217728,4,5.134520120918751,5.112959861755371,24.345020967146,24.447678718347156
d2h_pinned_blocking,d2h,True,False,False,128,134217728,5,5.136753898113966,5.115808010101318,24.33443425154076,24.434067844841653
d2h_pinned_blocking,d2h,True,False,False,128,134217728,6,5.134308710694313,5.112512111663818,24.346023397392525,24.449819828264413
d2h_pinned_blocking,d2h,True,False,False,128,134217728,7,5.135349929332733,5.1136322021484375,24.341087115798942,24.444464337400447
d2h_pinned_blocking,d2h,True,False,False,128,134217728,8,5.132955964654684,5.1129279136657715,24.352439580768795,24.447831479474125
d2h_pinned_blocking,d2h,True,False,False,128,134217728,9,5.132876336574554,5.112127780914307,24.352817368559332,24.451657970420232
d2h_pinned_blocking,d2h,True,False,False,128,134217728,10,5.133708007633686,5.112959861755371,24.34887216299181,24.447678718347156
d2h_pinned_blocking,d2h,True,False,False,128,134217728,11,5.132394842803478,5.111807823181152,24.35510201933743,24.453188446002788
d2h_pinned_blocking,d2h,True,False,False,128,134217728,12,5.133658181875944,5.113311767578125,24.34910848589503,24.445996192249616
d2h_pinned_blocking,d2h,True,False,False,128,134217728,13,5.133065860718489,5.111680030822754,24.35191820868307,24.453799777424752
d2h_pinned_blocking,d2h,True,False,False,128,134217728,14,5.134007893502712,5.113471984863281,24.34744990520805,24.4452302408267
d2h_pinned_blocking,d2h,True,False,False,128,134217728,15,5.130731966346502,5.110688209533691,24.362995537459376,24.45854547863432
d2h_pinned_blocking,d2h,True,False,False,128,134217728,16,5.1291692070662975,5.109888076782227,24.370418473968723,24.46237532441501
d2h_pinned_blocking,d2h,True,False,False,128,134217728,17,5.287136882543564,5.267551898956299,23.642285565314197,23.730188595724556
d2h_pinned_blocking,d2h,True,False,False,128,134217728,18,5.138926673680544,5.113503932952881,24.324145475785492,24.445077512205334
d2h_pinned_blocking,d2h,True,False,False,128,134217728,19,5.130141042172909,5.11030387878418,24.365801831260246,24.460384933065747
d2h_pinned_blocking,d2h,True,False,False,128,134217728,20,5.12907886877656,5.1104960441589355,24.370847709311256,24.459465171266363
h2d_pinned_nonblocking_default,h2d,True,True,False,128,134217728,1,27.08574291318655,27.065919876098633,4.614974025288574,4.618354024996024
h2d_pinned_nonblocking_default,h2d,True,True,False,128,134217728,2,26.700745802372694,26.679296493530273,4.681517172785945,4.685280964223044
h2d_pinned_nonblocking_default,h2d,True,True,False,128,134217728,3,26.613189838826656,26.588512420654297,4.696919112553518,4.701278432669983
h2d_pinned_nonblocking_default,h2d,True,True,False,128,134217728,4,26.535854674875736,26.51580810546875,4.710607648840893,4.714168978097989
h2d_pinned_nonblocking_default,h2d,True,True,False,128,134217728,5,26.492412202060223,26.471040725708008,4.718332141543502,4.7221415015467505
h2d_pinned_nonblocking_default,h2d,True,True,False,128,134217728,6,26.452086865901947,26.43027114868164,4.725525083661025,4.729425562712589
h2d_pinned_nonblocking_default,h2d,True,True,False,128,134217728,7,26.537117082625628,26.513280868530273,4.710383558651138,4.714618331085828
h2d_pinned_nonblocking_default,h2d,True,True,False,128,134217728,8,26.875405106693506,26.84966468811035,4.65109268134782,4.655551622413849
h2d_pinned_nonblocking_default,h2d,True,True,False,128,134217728,9,26.455683168023825,26.429855346679688,4.724882710686665,4.729499967380768
h2d_pinned_nonblocking_default,h2d,True,True,False,128,134217728,10,26.183930225670338,26.162303924560547,4.773920451309936,4.77786667261567
h2d_pinned_nonblocking_default,h2d,True,True,False,128,134217728,11,26.103780139237642,26.082592010498047,4.788578486841738,4.792468476663992
h2d_pinned_nonblocking_default,h2d,True,True,False,128,134217728,12,25.956571102142334,25.936927795410156,4.815736235271965,4.819383428368884
h2d_pinned_nonblocking_default,h2d,True,True,False,128,134217728,13,25.779767893254757,25.75948715209961,4.848763593123974,4.852581080590786
h2d_pinned_nonblocking_default,h2d,True,True,False,128,134217728,14,25.855550542473793,25.83344078063965,4.834551861297954,4.838689552097091
h2d_pinned_nonblocking_default,h2d,True,True,False,128,134217728,15,25.601661764085293,25.581472396850586,4.88249556422753,4.886348919282267
h2d_pinned_nonblocking_default,h2d,True,True,False,128,134217728,16,25.48254793509841,25.462207794189453,4.905317957935876,4.909236504955605
h2d_pinned_nonblocking_default,h2d,True,True,False,128,134217728,17,25.397676043212414,25.37696075439453,4.921710151248525,4.925727757937039
h2d_pinned_nonblocking_default,h2d,True,True,False,128,134217728,18,25.306203868240118,25.28291130065918,4.9395002368126,4.94405088534013
h2d_pinned_nonblocking_default,h2d,True,True,False,128,134217728,19,25.191148277372122,25.17180824279785,4.962060427879776,4.965872884232104
h2d_pinned_nonblocking_default,h2d,True,True,False,128,134217728,20,25.11037467047572,25.090496063232422,4.978022098052265,4.981966067349893
d2h_pinned_nonblocking_default,d2h,True,True,False,128,134217728,1,5.118679255247116,5.100319862365723,24.420361926734035,24.508266809372273
d2h_pinned_nonblocking_default,d2h,True,True,False,128,134217728,2,5.124280229210854,5.100800037384033,24.393669824581426,24.505959669829906
d2h_pinned_nonblocking_default,d2h,True,True,False,128,134217728,3,5.12107415124774,5.101408004760742,24.40894162205091,24.503039138086457
d2h_pinned_nonblocking_default,d2h,True,True,False,128,134217728,4,5.11965062469244,5.101344108581543,24.415728564975915,24.503346047510004
d2h_pinned_nonblocking_default,d2h,True,True,False,128,134217728,5,5.120081827044487,5.100831985473633,24.41367232448215,24.5058061814191
d2h_pinned_nonblocking_default,d2h,True,True,False,128,134217728,6,5.118879023939371,5.100255966186523,24.419408900936066,24.508573849767558
d2h_pinned_nonblocking_default,d2h,True,True,False,128,134217728,7,5.120924208313227,5.1011199951171875,24.409656326699192,24.50442258163903
d2h_pinned_nonblocking_default,d2h,True,True,False,128,134217728,8,5.119559820741415,5.100959777832031,24.416161618734147,24.505192247002288
d2h_pinned_nonblocking_default,d2h,True,True,False,128,134217728,9,5.119048990309238,5.100607872009277,24.41859811004638,24.5068829317316
d2h_pinned_nonblocking_default,d2h,True,True,False,128,134217728,10,5.11948112398386,5.100736141204834,24.416536944417512,24.506266652419708
d2h_pinned_nonblocking_default,d2h,True,True,False,128,134217728,11,5.119760986417532,5.101151943206787,24.41520225878097,24.504269112482078
d2h_pinned_nonblocking_default,d2h,True,True,False,128,134217728,12,5.119220353662968,5.100768089294434,24.417780709626705,24.506113160163434
d2h_pinned_nonblocking_default,d2h,True,True,False,128,134217728,13,5.119721405208111,5.101247787475586,24.415391015777136,24.503808716544967
d2h_pinned_nonblocking_default,d2h,True,True,False,128,134217728,14,5.119119770824909,5.100128173828125,24.418260481500152,24.50918795363838
d2h_pinned_nonblocking_default,d2h,True,True,False,128,134217728,15,5.119651090353727,5.100704193115234,24.415726344227004,24.50642014659877
d2h_pinned_nonblocking_default,d2h,True,True,False,128,134217728,16,5.138746928423643,5.105504035949707,24.324996296002627,24.4833809002656
d2h_pinned_nonblocking_default,d2h,True,True,False,128,134217728,17,5.134119186550379,5.106815814971924,24.34692212199843,24.47709189619309
d2h_pinned_nonblocking_default,d2h,True,True,False,128,134217728,18,5.125061143189669,5.103328227996826,24.389952921069764,24.49381940872445
d2h_pinned_nonblocking_default,d2h,True,True,False,128,134217728,19,5.122036207467318,5.101344108581543,24.40435696603724,24.503346047510004
d2h_pinned_nonblocking_default,d2h,True,True,False,128,134217728,20,5.122506059706211,5.102303981781006,24.402118522270538,24.498736344667492
h2d_pinned_nonblocking_dedicated,h2d,True,True,True,128,134217728,1,27.663052082061768,27.642528533935547,4.518662641750106,4.522017580502553
h2d_pinned_nonblocking_dedicated,h2d,True,True,True,128,134217728,2,28.015085961669683,27.994047164916992,4.461881722262974,4.465235028847629
h2d_pinned_nonblocking_dedicated,h2d,True,True,True,128,134217728,3,27.412508614361286,27.392127990722656,4.559962087326553,4.563354845681789
h2d_pinned_nonblocking_dedicated,h2d,True,True,True,128,134217728,4,27.25220611318946,27.232032775878906,4.586784625098765,4.590182489451181
h2d_pinned_nonblocking_dedicated,h2d,True,True,True,128,134217728,5,27.096443343907595,27.07699203491211,4.613151564340092,4.616465515771821
h2d_pinned_nonblocking_dedicated,h2d,True,True,True,128,134217728,6,27.058881241828203,27.03875160217285,4.6195553645718475,4.622994502081779
h2d_pinned_nonblocking_dedicated,h2d,True,True,True,128,134217728,7,26.913186069577932,26.891935348510742,4.644563437299504,4.648233694601769
h2d_pinned_nonblocking_dedicated,h2d,True,True,True,128,134217728,8,26.83413727208972,26.8155517578125,4.658245530032857,4.6614741001397535
h2d_pinned_nonblocking_dedicated,h2d,True,True,True,128,134217728,9,26.726373936980963,26.7076473236084,4.677028028371593,4.680307422267982
h2d_pinned_nonblocking_dedicated,h2d,True,True,True,128,134217728,10,26.739289052784443,26.719327926635742,4.674769016978908,4.6782613822928925
h2d_pinned_nonblocking_dedicated,h2d,True,True,True,128,134217728,11,26.467265095561743,26.446271896362305,4.722815128373845,4.726564125554264
h2d_pinned_nonblocking_dedicated,h2d,True,True,True,128,134217728,12,26.32301300764084,26.30348777770996,4.7486965099214125,4.752221494593094
h2d_pinned_nonblocking_dedicated,h2d,True,True,True,128,134217728,13,26.23102907091379,26.211872100830078,4.765348689221115,4.768831448557293
h2d_pinned_nonblocking_dedicated,h2d,True,True,True,128,134217728,14,26.19290817528963,26.142623901367188,4.772284129867065,4.781463424314605
h2d_pinned_nonblocking_dedicated,h2d,True,True,True,128,134217728,15,26.083690579980612,26.040224075317383,4.7922666317755755,4.8002659131678955
h2d_pinned_nonblocking_dedicated,h2d,True,True,True,128,134217728,16,26.071639265865088,26.0513916015625,4.794481801674022,4.798208169136838
h2d_pinned_nonblocking_dedicated,h2d,True,True,True,128,134217728,17,25.802421383559704,25.77827262878418,4.8445065733111825,4.8490448448599395
h2d_pinned_nonblocking_dedicated,h2d,True,True,True,128,134217728,18,25.625676847994328,25.604639053344727,4.877919937158011,4.881927831108062
h2d_pinned_nonblocking_dedicated,h2d,True,True,True,128,134217728,19,25.527903344482183,25.508384704589844,4.896602682688336,4.900349490867925
h2d_pinned_nonblocking_dedicated,h2d,True,True,True,128,134217728,20,25.37344116717577,25.352703094482422,4.926411012854876,4.930440731868314
d2h_pinned_nonblocking_dedicated,d2h,True,True,True,128,134217728,1,5.119861103594303,5.101215839385986,24.414724827641532,24.503962179935083
d2h_pinned_nonblocking_dedicated,d2h,True,True,True,128,134217728,2,5.1207938231527805,5.100671768188477,24.410277843023906,24.506575933701814
d2h_pinned_nonblocking_dedicated,d2h,True,True,True,128,134217728,3,5.122576840221882,5.10265588760376,24.401781349283905,24.49704678374869
d2h_pinned_nonblocking_dedicated,d2h,True,True,True,128,134217728,4,5.119631066918373,5.100704193115234,24.415821836795057,24.50642014659877
d2h_pinned_nonblocking_dedicated,d2h,True,True,True,128,134217728,5,5.122005939483643,5.102303981781006,24.40450118115276,24.498736344667492
d2h_pinned_nonblocking_dedicated,d2h,True,True,True,128,134217728,6,5.119190085679293,5.100736141204834,24.417925083438874,24.506266652419708
d2h_pinned_nonblocking_dedicated,d2h,True,True,True,128,134217728,7,5.124500021338463,5.103616237640381,24.392623569030913,24.492437162123466
d2h_pinned_nonblocking_dedicated,d2h,True,True,True,128,134217728,8,5.121393594890833,5.101503849029541,24.40741912996134,24.502578788366247
d2h_pinned_nonblocking_dedicated,d2h,True,True,True,128,134217728,9,5.11916121467948,5.1005120277404785,24.418062795435226,24.507343443198362
d2h_pinned_nonblocking_dedicated,d2h,True,True,True,128,134217728,10,5.121404770761728,5.102208137512207,24.40736586837057,24.499196550015487
d2h_pinned_nonblocking_dedicated,d2h,True,True,True,128,134217728,11,5.118940025568008,5.100448131561279,24.419117898559428,24.507650460458013
d2h_pinned_nonblocking_dedicated,d2h,True,True,True,128,134217728,12,5.122355651110411,5.102208137512207,24.40283504580609,24.499196550015487
d2h_pinned_nonblocking_dedicated,d2h,True,True,True,128,134217728,13,5.121815018355846,5.102176189422607,24.405410885012056,24.499349955640348
d2h_pinned_nonblocking_dedicated,d2h,True,True,True,128,134217728,14,5.1194909028708935,5.101215839385986,24.41649030568701,24.503962179935083
d2h_pinned_nonblocking_dedicated,d2h,True,True,True,128,134217728,15,5.121384281665087,5.101439952850342,24.40746351479789,24.502885686257738
d2h_pinned_nonblocking_dedicated,d2h,True,True,True,128,134217728,16,5.121313966810703,5.101888179779053,24.407798625524165,24.500732982629458
d2h_pinned_nonblocking_dedicated,d2h,True,True,True,128,134217728,17,5.121475085616112,5.101696014404297,24.40703076952732,24.50165585073491
d2h_pinned_nonblocking_dedicated,d2h,True,True,True,128,134217728,18,5.123728886246681,5.102431774139404,24.396294725025367,24.49812276443088
d2h_pinned_nonblocking_dedicated,d2h,True,True,True,128,134217728,19,5.120512563735247,5.10207986831665,24.41161865030492,24.499812473778807
d2h_pinned_nonblocking_dedicated,d2h,True,True,True,128,134217728,20,5.120882764458656,5.101312160491943,24.409853876671228,24.50349950510491
